6389ef87-e86e-48d6-9420-af4f5b99ad33,88c509c3-3508-4932-b6c9-cddbf722951f,9fd283af-d050-4515-aa89-f02cb549ec58,4,"Chất lượng tốt, đúng mô tả","Sản phẩm hoàn thiện tốt, mặc/đi êm và bền. Kích cỡ chuẩn, màu sắc gần với ảnh. Giao hàng nhanh, đóng gói cẩn thận.",t,t,6,2025-10-13 15:41:12.282244,2025-10-13 15:41:12.282244
bc2b534d-f45d-42ab-8ff2-4047ebd249db,4fd85616-6188-4550-8f57-191df3b76390,4a2e44cd-71a5-45b4-be45-14b7bb14a8a5,4,"Chất lượng tốt, đúng mô tả","Sản phẩm hoàn thiện tốt, mặc/đi êm và bền. Kích cỡ chuẩn, màu sắc gần với ảnh. Giao hàng nhanh, đóng gói cẩn thận.",t,t,6,2025-10-13 15:41:12.282244,2025-10-13 15:41:12.282244
d03d37ed-0508-41c8-b028-b0d279c506a5,8fa7353b-c134-4efd-8489-371cacf8ed53,3bb1ae7c-0a50-47b9-95d1-acc90b1dcae2,4,"Chất lượng tốt, đúng mô tả","Sản phẩm hoàn thiện tốt, mặc/đi êm và bền. Kích cỡ chuẩn, màu sắc gần với ảnh. Giao hàng nhanh, đóng gói cẩn thận.",t,t,6,2025-10-13 15:41:12.282244,2025-10-13 15:41:12.282244
5420387e-c468-4288-8d9a-c474e18f8c92,778e92db-9253-4645-a89e-5996c8e6b92b,2a11c8a9-9e4b-45b2-bac8-398ddcbbf884,4,"Chất lượng tốt, đúng mô tả","Sản phẩm hoàn thiện tốt, mặc/đi êm và bền. Kích cỡ chuẩn, màu sắc gần với ảnh. Giao hàng nhanh, đóng gói cẩn thận.",t,t,1,2025-10-13 15:41:12.282244,2025-10-13 15:41:12.282244
ce6c5c44-7cfc-43c2-8767-01ca7952d2ed,492ba088-1919-4552-a286-777a4aa9254b,821b7204-f20d-40a2-9bac-b1fb8f825b03,4,"Chất lượng tốt, đúng mô tả","Sản phẩm hoàn thiện tốt, mặc/đi êm và bền. Kích cỡ chuẩn, màu sắc gần với ảnh. Giao hàng nhanh, đóng gói cẩn thận.",t,t,2,2025-10-13 15:41:12.282244,2025-10-13 15:41:12.282244
23bf6ac7-541a-4d85-97bb-90312b57f93d,824a630a-f2ba-4736-ac09-d159235a4c26,7936b03c-ddde-4fb8-a530-a5941bc45c55,4,"Chất lượng tốt, đúng mô tả","Sản phẩm hoàn thiện tốt, mặc/đi êm và bền. Kích cỡ chuẩn, màu sắc gần với ảnh. Giao hàng nhanh, đóng gói cẩn thận.",t,t,7,2025-10-13 15:41:12.282244,2025-10-13 15:41:12.282244
494fe305-0308-4910-970f-a9c2fb502e71,076a11c2-1543-469a-9795-5d0431db86f5,082ad614-1b98-4180-a142-71c714672e8c,4,"Chất lượng tốt, đúng mô tả","Sản phẩm hoàn thiện tốt, mặc/đi êm và bền. Kích cỡ chuẩn, màu sắc gần với ảnh. Giao hàng nhanh, đóng gói cẩn thận.",t,t,6,2025-10-13 15:41:12.282244,2025-10-13 15:41:12.282244
8f664e2b-f381-4fb8-80f6-843a06d22180,3fe6c0a7-f794-4585-9d0e-28ebcb6df89a,7dab8884-df54-4145-8e54-ce19c9a51b3f,4,"Chất lượng tốt, đúng mô tả","Sản phẩm hoàn thiện tốt, mặc/đi êm và bền. Kích cỡ chuẩn, màu sắc gần với ảnh. Giao hàng nhanh, đóng gói cẩn thận.",t,t,8,2025-10-13 15:41:12.282244,2025-10-13 15:41:12.282244
4aafd2be-4368-4452-8ce2-2f9ae5e3a658,f0ca5fc8-7f3d-42c4-b010-090feef0f86e,ac70d34b-bfa7-4dae-b246-e7817fe83e37,4,"Chất lượng tốt, đúng mô tả","Sản phẩm hoàn thiện tốt, mặc/đi êm và bền. Kích cỡ chuẩn, màu sắc gần với ảnh. Giao hàng nhanh, đóng gói cẩn thận.",t,t,7,2025-10-13 15:41:12.282244,2025-10-13 15:41:12.282244
0980c361-3431-4565-8ef6-29a941cad498,30c59324-e03e-4fd6-a873-0f2fa4bf3895,6216bbd9-d253-437a-8510-6843ac95e656,4,"Chất lượng tốt, đúng mô tả","Sản phẩm hoàn thiện tốt, mặc/đi êm và bền. Kích cỡ chuẩn, màu sắc gần với ảnh. Giao hàng nhanh, đóng gói cẩn thận.",t,t,0,2025-10-13 15:41:12.282244,2025-10-13 15:41:12.282244
6d9933a2-35f5-4850-a030-80b9488dca4d,32f5af36-067b-4ee7-a406-a4c91eea78d6,3716ee41-6f7f-4fe4-a005-b7ccd4518ab9,4,"Chất lượng tốt, đúng mô tả","Sản phẩm hoàn thiện tốt, mặc/đi êm và bền. Kích cỡ chuẩn, màu sắc gần với ảnh. Giao hàng nhanh, đóng gói cẩn thận.",t,t,1,2025-10-13 15:41:12.282244,2025-10-13 15:41:12.282244
3e44cd2d-6e4c-4007-9dc4-d29197ffb548,7bc80e1a-69c0-4dd1-9937-d4d93fa8d7f2,a8281e62-1d6b-4798-902c-bd36785f41bd,4,"Chất lượng tốt, đúng mô tả","Sản phẩm hoàn thiện tốt, mặc/đi êm và bền. Kích cỡ chuẩn, màu sắc gần với ảnh. Giao hàng nhanh, đóng gói cẩn thận.",t,t,8,2025-10-13 15:41:12.282244,2025-10-13 15:41:12.282244
0554ddbe-5442-4e21-b5dd-b0307eabb7ee,bd0a00b6-f58a-4f23-85fc-d161c07fb789,81726817-4c0b-4387-8920-16dac726855b,4,"Chất lượng tốt, đúng mô tả","Sản phẩm hoàn thiện tốt, mặc/đi êm và bền. Kích cỡ chuẩn, màu sắc gần với ảnh. Giao hàng nhanh, đóng gói cẩn thận.",t,t,7,2025-10-13 15:41:12.282244,2025-10-13 15:41:12.282244
075b22ab-1bfc-4d9d-94b6-dc47c6d925a5,dd770f0e-864c-4127-89f7-41f956d001ec,f61dd10c-24c7-4f7b-ad15-1ef9b2f6cd3f,4,"Chất lượng tốt, đúng mô tả","Sản phẩm hoàn thiện tốt, mặc/đi êm và bền. Kích cỡ chuẩn, màu sắc gần với ảnh. Giao hàng nhanh, đóng gói cẩn thận.",t,t,3,2025-10-13 15:41:12.282244,2025-10-13 15:41:12.282244
81b3ae98-b3da-4cef-a24d-f20557bb869c,74092aa5-cee8-409a-8345-492377d60bbb,22cb39c2-490d-417f-9c1f-e488451541b1,4,"Chất lượng tốt, đúng mô tả","Sản phẩm hoàn thiện tốt, mặc/đi êm và bền. Kích cỡ chuẩn, màu sắc gần với ảnh. Giao hàng nhanh, đóng gói cẩn thận.",t,t,5,2025-10-13 15:41:12.282244,2025-10-13 15:41:12.282244
db85b8ba-0421-4bc9-96ec-e28722b1a590,df5947f9-1b5e-4eeb-8d8b-0a37cde8b168,dbba6639-e736-469c-8684-88f2503c6bfa,4,"Chất lượng tốt, đúng mô tả","Sản phẩm hoàn thiện tốt, mặc/đi êm và bền. Kích cỡ chuẩn, màu sắc gần với ảnh. Giao hàng nhanh, đóng gói cẩn thận.",t,t,5,2025-10-13 15:41:12.282244,2025-10-13 15:41:12.282244
c32622bc-8cf1-4a62-89de-483bbcb62bf8,2b003739-b4fa-4c1f-8098-fc9ac0a70383,cad93890-a2cc-4613-80c1-0dcc0da97e49,4,"Chất lượng tốt, đúng mô tả","Sản phẩm hoàn thiện tốt, mặc/đi êm và bền. Kích cỡ chuẩn, màu sắc gần với ảnh. Giao hàng nhanh, đóng gói cẩn thận.",t,t,5,2025-10-13 15:41:12.282244,2025-10-13 15:41:12.282244
519abe6d-319f-42a2-8009-71517408f762,bbdcff38-f5f2-4261-b32e-e176e72b9fb6,986362cc-f577-4a0f-9e56-2d9aa7689c4a,4,"Chất lượng tốt, đúng mô tả","Sản phẩm hoàn thiện tốt, mặc/đi êm và bền. Kích cỡ chuẩn, màu sắc gần với ảnh. Giao hàng nhanh, đóng gói cẩn thận.",t,t,3,2025-10-13 15:41:12.282244,2025-10-13 15:41:12.282244
916b6240-f142-4124-b982-6268a8e36e1e,0ad215bc-0c04-4698-ba23-bc8f27bb6ec6,38d16cec-3704-4373-a130-21e2e26aa6fb,4,"Chất lượng tốt, đúng mô tả","Sản phẩm hoàn thiện tốt, mặc/đi êm và bền. Kích cỡ chuẩn, màu sắc gần với ảnh. Giao hàng nhanh, đóng gói cẩn thận.",t,t,2,2025-10-13 15:41:12.282244,2025-10-13 15:41:12.282244
b474e439-d3e2-4583-938a-e3a3f79bc9b7,f82bd48e-9548-4c26-97a7-2158528e8fbd,5de561e2-584c-4c8f-9096-264aeb758ac1,4,"Chất lượng tốt, đúng mô tả","Sản phẩm hoàn thiện tốt, mặc/đi êm và bền. Kích cỡ chuẩn, màu sắc gần với ảnh. Giao hàng nhanh, đóng gói cẩn thận.",t,t,0,2025-10-13 15:41:12.282244,2025-10-13 15:41:12.282244
48d7a935-a673-4a2a-b034-fb8528ebcdc9,46e5c701-7b8b-4f4d-bbea-f52aa85c8999,eef37211-1904-4caf-9bd5-6b0a058f7d2a,4,"Chất lượng tốt, đúng mô tả","Sản phẩm hoàn thiện tốt, mặc/đi êm và bền. Kích cỡ chuẩn, màu sắc gần với ảnh. Giao hàng nhanh, đóng gói cẩn thận.",t,t,7,2025-10-13 15:41:12.282244,2025-10-13 15:41:12.282244
7232b5ea-8606-4063-b508-8bcdf2849c92,0bc1eb94-1388-4ded-913e-bb7b2246803e,cfe5c788-ecdd-4a23-ad2f-212c0e9388d2,4,"Chất lượng tốt, đúng mô tả","Sản phẩm hoàn thiện tốt, mặc/đi êm và bền. Kích cỡ chuẩn, màu sắc gần với ảnh. Giao hàng nhanh, đóng gói cẩn thận.",t,t,7,2025-10-13 15:41:12.282244,2025-10-13 15:41:12.282244
9e8a738d-0e16-4c5c-806e-c30f51b6a6f8,192d1df8-3dd1-40ab-929e-da11f2f97119,6e515b29-b71f-417c-a0e7-c3d7656857e5,4,"Chất lượng tốt, đúng mô tả","Sản phẩm hoàn thiện tốt, mặc/đi êm và bền. Kích cỡ chuẩn, màu sắc gần với ảnh. Giao hàng nhanh, đóng gói cẩn thận.",t,t,8,2025-10-13 15:41:12.282244,2025-10-13 15:41:12.282244
0814e951-594e-440a-91af-00b5ac3ed2db,263f6590-4342-4e12-a2b6-204d9db23616,79a71915-bbf0-4e56-a8a5-75244f219fef,4,"Chất lượng tốt, đúng mô tả","Sản phẩm hoàn thiện tốt, mặc/đi êm và bền. Kích cỡ chuẩn, màu sắc gần với ảnh. Giao hàng nhanh, đóng gói cẩn thận.",t,t,4,2025-10-13 15:41:12.282244,2025-10-13 15:41:12.282244
567bc4a0-d1fc-476d-ad34-caf56fc8bbb6,38481bc9-a938-417d-887e-8ec193612b35,eebe830a-a15b-41b5-9502-6c431ed18702,4,"Chất lượng tốt, đúng mô tả","Sản phẩm hoàn thiện tốt, mặc/đi êm và bền. Kích cỡ chuẩn, màu sắc gần với ảnh. Giao hàng nhanh, đóng gói cẩn thận.",t,t,6,2025-10-13 15:41:12.282244,2025-10-13 15:41:12.282244
f7bf4cce-0963-40ca-ac37-f3079555db17,79017597-ee5e-4d54-aa6f-c093402ea27e,22eb1eec-fb59-4e2f-a6f5-0649234a116b,4,"Chất lượng tốt, đúng mô tả","Sản phẩm hoàn thiện tốt, mặc/đi êm và bền. Kích cỡ chuẩn, màu sắc gần với ảnh. Giao hàng nhanh, đóng gói cẩn thận.",t,t,5,2025-10-13 15:41:12.282244,2025-10-13 15:41:12.282244
53fd4071-241a-4c94-8dbc-1b73cad5c76d,7a0664c6-3b86-4bfc-a324-042d31a4d699,261e1651-598f-4ceb-9503-a364871e4a0f,4,"Chất lượng tốt, đúng mô tả","Sản phẩm hoàn thiện tốt, mặc/đi êm và bền. Kích cỡ chuẩn, màu sắc gần với ảnh. Giao hàng nhanh, đóng gói cẩn thận.",t,t,6,2025-10-13 15:41:12.282244,2025-10-13 15:41:12.282244
fb616fa6-dda3-4271-8d41-84e46ed963b2,3c886c1b-b4e5-4847-8910-8321ca6eb7a5,4c3f4896-db7e-47e8-9180-548f0c76caf7,4,"Chất lượng tốt, đúng mô tả","Sản phẩm hoàn thiện tốt, mặc/đi êm và bền. Kích cỡ chuẩn, màu sắc gần với ảnh. Giao hàng nhanh, đóng gói cẩn thận.",t,t,5,2025-10-13 15:41:12.282244,2025-10-13 15:41:12.282244
0bcf17a3-ffae-4092-aa7e-3b2f6e2c8055,73ad67e2-bcf3-46d0-9f51-a453998707ff,adc4aa72-204a-464d-895d-45f82703f457,4,"Chất lượng tốt, đúng mô tả","Sản phẩm hoàn thiện tốt, mặc/đi êm và bền. Kích cỡ chuẩn, màu sắc gần với ảnh. Giao hàng nhanh, đóng gói cẩn thận.",t,t,2,2025-10-13 15:41:12.282244,2025-10-13 15:41:12.282244
1858c6b5-5455-48a9-989f-ab5f641a7f59,8678db34-292d-416d-bb60-6a49bd011fde,52ab94a6-8dfa-435a-aac6-df05ea239cbf,4,"Chất lượng tốt, đúng mô tả","Sản phẩm hoàn thiện tốt, mặc/đi êm và bền. Kích cỡ chuẩn, màu sắc gần với ảnh. Giao hàng nhanh, đóng gói cẩn thận.",t,t,5,2025-10-13 15:41:12.282244,2025-10-13 15:41:12.282244
17d341ec-aa47-4fae-9fcb-d303256f29dd,ac816399-34ab-4bdf-a622-8814018762b7,7955b075-51a2-4bf7-98a7-7988ca7fcc67,4,"Chất lượng tốt, đúng mô tả","Sản phẩm hoàn thiện tốt, mặc/đi êm và bền. Kích cỡ chuẩn, màu sắc gần với ảnh. Giao hàng nhanh, đóng gói cẩn thận.",t,t,1,2025-10-13 15:41:12.282244,2025-10-13 15:41:12.282244
d07dbe0b-79f2-418a-9195-e1ff5fdefbd3,224d1eb8-cb07-4b9f-8ab4-5f7daa4bc895,0d589b10-5a01-43fd-bf4c-cdb1d5a2234e,4,"Chất lượng tốt, đúng mô tả","Sản phẩm hoàn thiện tốt, mặc/đi êm và bền. Kích cỡ chuẩn, màu sắc gần với ảnh. Giao hàng nhanh, đóng gói cẩn thận.",t,t,0,2025-10-13 15:41:12.282244,2025-10-13 15:41:12.282244
d03987b5-fa66-4213-8ac8-773c00ff60e1,4a994197-94fa-4e72-84d0-d0df1691c7e8,08a7e262-b46f-427e-b170-96c2626c9223,4,"Chất lượng tốt, đúng mô tả","Sản phẩm hoàn thiện tốt, mặc/đi êm và bền. Kích cỡ chuẩn, màu sắc gần với ảnh. Giao hàng nhanh, đóng gói cẩn thận.",t,t,2,2025-10-13 15:41:12.282244,2025-10-13 15:41:12.282244
c6cf5078-c1ed-4d61-984d-d592493a44b6,391b2a44-f90e-4c7a-b315-6a76d3f6a439,df5623d0-ced0-4dd5-a07d-befaba09943c,4,"Chất lượng tốt, đúng mô tả","Sản phẩm hoàn thiện tốt, mặc/đi êm và bền. Kích cỡ chuẩn, màu sắc gần với ảnh. Giao hàng nhanh, đóng gói cẩn thận.",t,t,0,2025-10-13 15:41:12.282244,2025-10-13 15:41:12.282244
b0194d91-59d5-4ef6-b6f5-9f7798cdf661,e584f4b1-b906-4747-9143-e6daf6a3d0f6,c8d0282f-d146-4149-8878-0532995efde9,4,"Chất lượng tốt, đúng mô tả","Sản phẩm hoàn thiện tốt, mặc/đi êm và bền. Kích cỡ chuẩn, màu sắc gần với ảnh. Giao hàng nhanh, đóng gói cẩn thận.",t,t,7,2025-10-13 15:41:12.282244,2025-10-13 15:41:12.282244
58085a1e-94af-49d4-9e22-c4418b091087,e782830b-b148-45dd-af44-3ce1fafcc800,0c6c38c1-8bfb-4b45-af72-686b05a3a6a1,4,"Chất lượng tốt, đúng mô tả","Sản phẩm hoàn thiện tốt, mặc/đi êm và bền. Kích cỡ chuẩn, màu sắc gần với ảnh. Giao hàng nhanh, đóng gói cẩn thận.",t,t,4,2025-10-13 15:41:12.282244,2025-10-13 15:41:12.282244
710b0a9f-f89d-48f3-9a82-c7eb648b6b1e,2781fe8b-9440-467b-8a22-4695ca725c05,7b5ab3fa-4024-4542-8cfb-4942b3f879c6,4,"Chất lượng tốt, đúng mô tả","Sản phẩm hoàn thiện tốt, mặc/đi êm và bền. Kích cỡ chuẩn, màu sắc gần với ảnh. Giao hàng nhanh, đóng gói cẩn thận.",t,t,2,2025-10-13 15:41:12.282244,2025-10-13 15:41:12.282244
da353ce5-f3dd-4868-9ab2-2ea8d3d2485c,8fb58ccf-d41b-4fb3-84bd-f3618c346e16,a531e7fd-102f-4dcf-83ca-99a9882586f4,4,"Chất lượng tốt, đúng mô tả","Sản phẩm hoàn thiện tốt, mặc/đi êm và bền. Kích cỡ chuẩn, màu sắc gần với ảnh. Giao hàng nhanh, đóng gói cẩn thận.",t,t,5,2025-10-13 15:41:12.282244,2025-10-13 15:41:12.282244
228c12ef-ffc6-4165-810d-a81c0ef94c6b,8c5e739d-b584-45bf-abaf-1ff4c3e31b16,2107377d-4a48-4a42-91fa-489719ca180c,4,"Chất lượng tốt, đúng mô tả","Sản phẩm hoàn thiện tốt, mặc/đi êm và bền. Kích cỡ chuẩn, màu sắc gần với ảnh. Giao hàng nhanh, đóng gói cẩn thận.",t,t,0,2025-10-13 15:41:12.282244,2025-10-13 15:41:12.282244
3392dad5-58aa-4596-8af0-8c8a9c8d28c2,8081d60c-db68-47bd-a4c2-02ec5fdd40a0,8e6b74a2-1a9f-4617-8709-ecafde0b3ebe,4,"Chất lượng tốt, đúng mô tả","Sản phẩm hoàn thiện tốt, mặc/đi êm và bền. Kích cỡ chuẩn, màu sắc gần với ảnh. Giao hàng nhanh, đóng gói cẩn thận.",t,t,5,2025-10-13 15:41:12.282244,2025-10-13 15:41:12.282244
01bf119c-2b13-420c-ac25-514466fc9e84,683a7237-ea43-4e45-a2a1-c3c75e7c7d87,4e34b74c-9b3b-48e2-aaf2-599f73e1665b,5,"Chất lượng tốt, đúng mô tả","Sản phẩm hoàn thiện tốt, mặc/đi êm và bền. Kích cỡ chuẩn, màu sắc gần với ảnh. Giao hàng nhanh, đóng gói cẩn thận.",t,t,7,2025-10-13 15:41:12.282244,2025-10-13 15:41:12.282244
ce76af25-e3ba-4c63-8249-bf8d5ace26e1,53aaf7fe-a525-45ba-a291-00197093ea30,c00625af-88d0-48f3-9bbf-9ce06b8ccf36,5,"Chất lượng tốt, đúng mô tả","Sản phẩm hoàn thiện tốt, mặc/đi êm và bền. Kích cỡ chuẩn, màu sắc gần với ảnh. Giao hàng nhanh, đóng gói cẩn thận.",t,t,8,2025-10-13 15:41:12.282244,2025-10-13 15:41:12.282244
1d73d114-8db5-4631-abce-008dd01712d0,94d3b6dc-beaf-4fed-b320-020d1551b561,2592520b-460f-4d3e-b2b1-56c5f8de521b,5,"Chất lượng tốt, đúng mô tả","Sản phẩm hoàn thiện tốt, mặc/đi êm và bền. Kích cỡ chuẩn, màu sắc gần với ảnh. Giao hàng nhanh, đóng gói cẩn thận.",t,t,2,2025-10-13 15:41:12.282244,2025-10-13 15:41:12.282244
443f1cdf-d31d-4447-ba56-41151c746a88,b0f1be1e-e665-45de-a347-6107d3b89c8a,07d539e1-7ab0-452c-8fcb-afe5d3ce31cb,5,"Chất lượng tốt, đúng mô tả","Sản phẩm hoàn thiện tốt, mặc/đi êm và bền. Kích cỡ chuẩn, màu sắc gần với ảnh. Giao hàng nhanh, đóng gói cẩn thận.",t,t,8,2025-10-13 15:41:12.282244,2025-10-13 15:41:12.282244
5e6a01dc-07ca-4bb1-bcb4-26efdb872c8d,ed912807-c8dd-4fc6-8bd6-3ce08e8e036e,c5282fd5-a97d-4c8c-ae92-9f40f26484ea,5,"Chất lượng tốt, đúng mô tả","Sản phẩm hoàn thiện tốt, mặc/đi êm và bền. Kích cỡ chuẩn, màu sắc gần với ảnh. Giao hàng nhanh, đóng gói cẩn thận.",t,t,8,2025-10-13 15:41:12.282244,2025-10-13 15:41:12.282244
5ee4c7f6-edc3-4dab-979d-304a20fd2ce1,9b3e3de8-3e0d-4c2e-85bc-580a885a5337,bf8ebd65-d261-4390-89a5-2ba9d504e1db,5,"Chất lượng tốt, đúng mô tả","Sản phẩm hoàn thiện tốt, mặc/đi êm và bền. Kích cỡ chuẩn, màu sắc gần với ảnh. Giao hàng nhanh, đóng gói cẩn thận.",t,t,4,2025-10-13 15:41:12.282244,2025-10-13 15:41:12.282244
888166df-3669-4ff2-9416-1a33193dbf76,66ae197d-f72d-4fcc-a4b6-ff1e657a9ec9,31728843-e22a-41a1-8db4-810ecc675831,5,"Chất lượng tốt, đúng mô tả","Sản phẩm hoàn thiện tốt, mặc/đi êm và bền. Kích cỡ chuẩn, màu sắc gần với ảnh. Giao hàng nhanh, đóng gói cẩn thận.",t,t,3,2025-10-13 15:41:12.282244,2025-10-13 15:41:12.282244
d9ffa9ba-6dcc-40a0-9195-1e3cad6ae4c3,a6a3b89e-f63c-47f1-a802-3245dde10acd,c5847004-7329-4313-b972-a5adca890322,5,"Chất lượng tốt, đúng mô tả","Sản phẩm hoàn thiện tốt, mặc/đi êm và bền. Kích cỡ chuẩn, màu sắc gần với ảnh. Giao hàng nhanh, đóng gói cẩn thận.",t,t,1,2025-10-13 15:41:12.282244,2025-10-13 15:41:12.282244
e2384bea-188e-4bd0-b600-984bab9b7637,baea05ae-2ad6-4e69-9af5-b9da06eca3f9,151bd92b-9bd7-473b-8b23-ef34af40950d,5,"Chất lượng tốt, đúng mô tả","Sản phẩm hoàn thiện tốt, mặc/đi êm và bền. Kích cỡ chuẩn, màu sắc gần với ảnh. Giao hàng nhanh, đóng gói cẩn thận.",t,t,7,2025-10-13 15:41:12.282244,2025-10-13 15:41:12.282244
37be99e9-9eff-4d4d-974c-77e583f36423,4911c3e8-8e23-4f7c-a982-aa1b30290a24,f0df7b8f-60d6-4c77-bbdb-b685f98d0c59,5,"Chất lượng tốt, đúng mô tả","Sản phẩm hoàn thiện tốt, mặc/đi êm và bền. Kích cỡ chuẩn, màu sắc gần với ảnh. Giao hàng nhanh, đóng gói cẩn thận.",t,t,7,2025-10-13 15:41:12.282244,2025-10-13 15:41:12.282244
5e11632c-70b0-4609-ad07-dfc81c6276a4,68a92755-78ed-4a49-823f-2e96cfef1238,02a7d199-5273-4a5d-be72-92085ef1ce34,5,"Chất lượng tốt, đúng mô tả","Sản phẩm hoàn thiện tốt, mặc/đi êm và bền. Kích cỡ chuẩn, màu sắc gần với ảnh. Giao hàng nhanh, đóng gói cẩn thận.",t,t,6,2025-10-13 15:41:12.282244,2025-10-13 15:41:12.282244
9da805a2-cb23-4428-bb6b-cec609c8524e,6d7e3445-26a7-4fbb-8ee8-2a67db20be9a,21c6830b-c23b-4b11-942b-cd528086c717,5,"Chất lượng tốt, đúng mô tả","Sản phẩm hoàn thiện tốt, mặc/đi êm và bền. Kích cỡ chuẩn, màu sắc gần với ảnh. Giao hàng nhanh, đóng gói cẩn thận.",t,t,8,2025-10-13 15:41:12.282244,2025-10-13 15:41:12.282244
39347667-6c6a-44a3-a320-6569c472a0ee,d7047958-a83a-4f59-b3b4-d18a8c76bd91,f9973fa5-d029-45f9-b899-2f4efac45755,5,"Chất lượng tốt, đúng mô tả","Sản phẩm hoàn thiện tốt, mặc/đi êm và bền. Kích cỡ chuẩn, màu sắc gần với ảnh. Giao hàng nhanh, đóng gói cẩn thận.",t,t,6,2025-10-13 15:41:12.282244,2025-10-13 15:41:12.282244
a3f1453a-b09e-46f5-9bfb-d46a105c6363,397936de-d39c-4b06-9196-10e10172e668,354ee828-638c-45ca-8996-c22c9766e830,5,"Chất lượng tốt, đúng mô tả","Sản phẩm hoàn thiện tốt, mặc/đi êm và bền. Kích cỡ chuẩn, màu sắc gần với ảnh. Giao hàng nhanh, đóng gói cẩn thận.",t,t,1,2025-10-13 15:41:12.282244,2025-10-13 15:41:12.282244
cb306e0f-d8c3-4c13-84ac-a765243a13f0,85421517-5bf0-485f-8d8f-ca1972b88b8e,11f1001d-8a72-4898-ab35-85c0513a4139,5,"Chất lượng tốt, đúng mô tả","Sản phẩm hoàn thiện tốt, mặc/đi êm và bền. Kích cỡ chuẩn, màu sắc gần với ảnh. Giao hàng nhanh, đóng gói cẩn thận.",t,t,1,2025-10-13 15:41:12.282244,2025-10-13 15:41:12.282244
eba010b1-5884-4b1a-960d-6337c9a5ba70,b5740e68-0642-4440-911e-bf68c5c67345,96e06aa4-be89-4abf-8403-a1d9e791b349,5,"Chất lượng tốt, đúng mô tả","Sản phẩm hoàn thiện tốt, mặc/đi êm và bền. Kích cỡ chuẩn, màu sắc gần với ảnh. Giao hàng nhanh, đóng gói cẩn thận.",t,t,2,2025-10-13 15:41:12.282244,2025-10-13 15:41:12.282244
757eaa20-e249-4190-b0e1-82ba8f5d98ee,7f712f99-6e88-4ed6-987e-59d471583e13,fcebfee9-e383-4b06-b8be-43748b8b3608,5,"Chất lượng tốt, đúng mô tả","Sản phẩm hoàn thiện tốt, mặc/đi êm và bền. Kích cỡ chuẩn, màu sắc gần với ảnh. Giao hàng nhanh, đóng gói cẩn thận.",t,t,8,2025-10-13 15:41:12.282244,2025-10-13 15:41:12.282244
89efe4b5-ce04-4684-9228-5de032f73564,ef709680-8301-49f5-bda5-030d45f198c3,6969a9f2-cb58-4790-a976-63ea18d8a2fb,5,"Chất lượng tốt, đúng mô tả","Sản phẩm hoàn thiện tốt, mặc/đi êm và bền. Kích cỡ chuẩn, màu sắc gần với ảnh. Giao hàng nhanh, đóng gói cẩn thận.",t,t,2,2025-10-13 15:41:12.282244,2025-10-13 15:41:12.282244
369b1908-85ec-43c7-a882-5dd7ac974b3a,edbd7748-fa17-4f18-a0c8-a5cd669aa943,9dba98cf-8f85-498b-b346-c7bf92d407e0,5,"Chất lượng tốt, đúng mô tả","Sản phẩm hoàn thiện tốt, mặc/đi êm và bền. Kích cỡ chuẩn, màu sắc gần với ảnh. Giao hàng nhanh, đóng gói cẩn thận.",t,t,2,2025-10-13 15:41:12.282244,2025-10-13 15:41:12.282244
f350b968-655e-426f-ac6c-60ec6058b2ab,053fe40e-bddb-4421-a620-6bdf8e89b380,1d3907c2-0fd2-434e-983e-0d13d8dfaa4e,5,"Chất lượng tốt, đúng mô tả","Sản phẩm hoàn thiện tốt, mặc/đi êm và bền. Kích cỡ chuẩn, màu sắc gần với ảnh. Giao hàng nhanh, đóng gói cẩn thận.",t,t,5,2025-10-13 15:41:12.282244,2025-10-13 15:41:12.282244
06c31974-5725-42ea-bbff-61ac33ab7e0d,1f10ce21-ba98-45f5-b911-1420491639d8,ddec7060-1f85-4654-8fea-c649672ac432,4,"Chất lượng tốt, đúng mô tả","Sản phẩm hoàn thiện tốt, mặc/đi êm và bền. Kích cỡ chuẩn, màu sắc gần với ảnh. Giao hàng nhanh, đóng gói cẩn thận.",t,t,7,2025-10-13 15:41:12.282244,2025-10-13 15:41:12.282244
4e0bc0c4-78a9-43a3-840d-e5f784c440af,4ff6d9e2-0ecd-4f9f-ac98-cf4eef3c14e4,20976239-35cf-41a9-8c78-7d0fd29dcf26,4,"Chất lượng tốt, đúng mô tả","Sản phẩm hoàn thiện tốt, mặc/đi êm và bền. Kích cỡ chuẩn, màu sắc gần với ảnh. Giao hàng nhanh, đóng gói cẩn thận.",t,t,3,2025-10-13 15:41:12.282244,2025-10-13 15:41:12.282244
5536ed13-d98e-49b0-bada-0250c1c2f338,db4d6a17-a200-450e-9b1c-8b2014759743,4b644ada-e504-45fb-8098-ef2445e13bd2,4,"Chất lượng tốt, đúng mô tả","Sản phẩm hoàn thiện tốt, mặc/đi êm và bền. Kích cỡ chuẩn, màu sắc gần với ảnh. Giao hàng nhanh, đóng gói cẩn thận.",t,t,1,2025-10-13 15:41:12.282244,2025-10-13 15:41:12.282244
7b31d4be-af47-4002-9f11-87516a41d6e0,b523867c-00ea-4499-a497-1ea8e81af08e,e7581e09-177d-487e-9b26-fffca41d2c80,4,"Chất lượng tốt, đúng mô tả","Sản phẩm hoàn thiện tốt, mặc/đi êm và bền. Kích cỡ chuẩn, màu sắc gần với ảnh. Giao hàng nhanh, đóng gói cẩn thận.",t,t,5,2025-10-13 15:41:12.282244,2025-10-13 15:41:12.282244
d2e6d372-2f96-4291-8e17-17a056ad3b2c,7efa9e83-e566-463b-a40c-ac830e1c29f4,423d53e6-4b02-4f12-945c-bcc4b5bf2462,4,"Chất lượng tốt, đúng mô tả","Sản phẩm hoàn thiện tốt, mặc/đi êm và bền. Kích cỡ chuẩn, màu sắc gần với ảnh. Giao hàng nhanh, đóng gói cẩn thận.",t,t,4,2025-10-13 15:41:12.282244,2025-10-13 15:41:12.282244
7f40e70c-7507-4bd8-ba94-1a9561062377,3653eda5-d489-4ce5-b036-87d5478afb1a,318d9acd-aab0-4b74-a875-cc0297292f65,4,"Chất lượng tốt, đúng mô tả","Sản phẩm hoàn thiện tốt, mặc/đi êm và bền. Kích cỡ chuẩn, màu sắc gần với ảnh. Giao hàng nhanh, đóng gói cẩn thận.",t,t,1,2025-10-13 15:41:12.282244,2025-10-13 15:41:12.282244
ec2878a9-446c-4312-ae44-f495677e98e6,4cc7ead1-e8b9-4c53-8d26-bf8a02c6ec3d,e0491bf9-3972-4176-bbec-efa5ada89a6f,4,"Chất lượng tốt, đúng mô tả","Sản phẩm hoàn thiện tốt, mặc/đi êm và bền. Kích cỡ chuẩn, màu sắc gần với ảnh. Giao hàng nhanh, đóng gói cẩn thận.",t,t,4,2025-10-13 15:41:12.282244,2025-10-13 15:41:12.282244
7e4f2f9b-8ee0-4bc0-8762-6e11f8ced86b,f590881a-08ae-448f-8e09-536840e690a7,f69f6e1f-15dd-4527-a26a-563562087021,4,"Chất lượng tốt, đúng mô tả","Sản phẩm hoàn thiện tốt, mặc/đi êm và bền. Kích cỡ chuẩn, màu sắc gần với ảnh. Giao hàng nhanh, đóng gói cẩn thận.",t,t,2,2025-10-13 15:41:12.282244,2025-10-13 15:41:12.282244
5c5beaad-8f78-4389-bd0c-bc13e51b69bc,481fdbe7-269a-4c10-a1bc-0e6ce8728815,0bcb7daf-16b9-49e3-b78a-0727d273cd6e,4,"Chất lượng tốt, đúng mô tả","Sản phẩm hoàn thiện tốt, mặc/đi êm và bền. Kích cỡ chuẩn, màu sắc gần với ảnh. Giao hàng nhanh, đóng gói cẩn thận.",t,t,4,2025-10-13 15:41:12.282244,2025-10-13 15:41:12.282244
1932b10a-8a44-422b-a907-0016fd2ce407,edc79e5d-5cc8-4bda-81c2-ef2100061e07,0641d79b-3bd5-4037-860a-10b3a2919f10,4,"Chất lượng tốt, đúng mô tả","Sản phẩm hoàn thiện tốt, mặc/đi êm và bền. Kích cỡ chuẩn, màu sắc gần với ảnh. Giao hàng nhanh, đóng gói cẩn thận.",t,t,2,2025-10-13 15:41:12.282244,2025-10-13 15:41:12.282244
f154dff9-1b9a-49fa-bcd8-fbb6363914af,a8562229-71c1-45c2-87d6-b15dfbd3acce,1aebb8e5-a141-462a-a5a2-3c3b1cfd5449,4,"Chất lượng tốt, đúng mô tả","Sản phẩm hoàn thiện tốt, mặc/đi êm và bền. Kích cỡ chuẩn, màu sắc gần với ảnh. Giao hàng nhanh, đóng gói cẩn thận.",t,t,6,2025-10-13 15:41:12.282244,2025-10-13 15:41:12.282244
714a6607-b925-4cfe-b10e-35a1c16524c7,affd2d58-6107-48af-8aaf-671fec6e65a5,c38b1433-d8de-489a-8b82-8fac6efba48c,4,"Chất lượng tốt, đúng mô tả","Sản phẩm hoàn thiện tốt, mặc/đi êm và bền. Kích cỡ chuẩn, màu sắc gần với ảnh. Giao hàng nhanh, đóng gói cẩn thận.",t,t,5,2025-10-13 15:41:12.282244,2025-10-13 15:41:12.282244
ef8c9231-60f1-4a1b-8cb0-48db56c4a919,952c6d74-922a-4604-bd57-e4dd800ec63f,324177f1-07ec-4c93-b151-2429b05a2b34,4,"Chất lượng tốt, đúng mô tả","Sản phẩm hoàn thiện tốt, mặc/đi êm và bền. Kích cỡ chuẩn, màu sắc gần với ảnh. Giao hàng nhanh, đóng gói cẩn thận.",t,t,4,2025-10-13 15:41:12.282244,2025-10-13 15:41:12.282244
a14fa0ff-5956-49ee-9100-98a199473540,271a2a46-c5db-44c3-a7ab-37b194321df1,01c7cc18-410d-49d3-9066-935c119428fa,4,"Chất lượng tốt, đúng mô tả","Sản phẩm hoàn thiện tốt, mặc/đi êm và bền. Kích cỡ chuẩn, màu sắc gần với ảnh. Giao hàng nhanh, đóng gói cẩn thận.",t,t,6,2025-10-13 15:41:12.282244,2025-10-13 15:41:12.282244
3aa61d96-ca93-4ddd-9533-1ba409cca58b,58970088-bd48-4fa9-bf4e-757c2baaac0a,d1523f7f-b675-47f0-adb6-1a46f221c80b,4,"Chất lượng tốt, đúng mô tả","Sản phẩm hoàn thiện tốt, mặc/đi êm và bền. Kích cỡ chuẩn, màu sắc gần với ảnh. Giao hàng nhanh, đóng gói cẩn thận.",t,t,1,2025-10-13 15:41:12.282244,2025-10-13 15:41:12.282244
7d5d73af-6b87-4aab-8ad7-aa896431cffb,33a47a28-9dbe-452e-931f-419a3c92d86f,200cc5ab-233c-4e88-ab95-e851462c85e6,4,"Chất lượng tốt, đúng mô tả","Sản phẩm hoàn thiện tốt, mặc/đi êm và bền. Kích cỡ chuẩn, màu sắc gần với ảnh. Giao hàng nhanh, đóng gói cẩn thận.",t,t,3,2025-10-13 15:41:12.282244,2025-10-13 15:41:12.282244
812f9406-f1b6-41e2-84ff-c88a41ddff1a,c38b1cd6-daa0-40e7-a157-dddaf03b8c15,e80e8bf9-9ec2-45e4-877f-ee430950240b,4,"Chất lượng tốt, đúng mô tả","Sản phẩm hoàn thiện tốt, mặc/đi êm và bền. Kích cỡ chuẩn, màu sắc gần với ảnh. Giao hàng nhanh, đóng gói cẩn thận.",t,t,7,2025-10-13 15:41:12.282244,2025-10-13 15:41:12.282244
e6a5f4c8-03d0-4a94-bc5a-eccae645b92f,1f918b65-3858-4db9-907f-a9b40dcbda27,d889620f-34a2-4d98-9653-26108f7ab505,4,"Chất lượng tốt, đúng mô tả","Sản phẩm hoàn thiện tốt, mặc/đi êm và bền. Kích cỡ chuẩn, màu sắc gần với ảnh. Giao hàng nhanh, đóng gói cẩn thận.",t,t,0,2025-10-13 15:41:12.282244,2025-10-13 15:41:12.282244
97d455ad-e50a-4247-984f-8fb280de437c,8092d1d7-277d-4cd8-9d52-8300b8213dac,b61b708f-8a43-4954-a26e-af65cc220527,4,"Chất lượng tốt, đúng mô tả","Sản phẩm hoàn thiện tốt, mặc/đi êm và bền. Kích cỡ chuẩn, màu sắc gần với ảnh. Giao hàng nhanh, đóng gói cẩn thận.",t,t,5,2025-10-13 15:41:12.282244,2025-10-13 15:41:12.282244
96f0a7c4-a3a7-450e-b3f8-22a139de202c,08a9b005-0081-4513-9981-fa2df96ae3c4,0c4f6a7a-dc72-4d47-a35e-4ef961a3e337,4,"Chất lượng tốt, đúng mô tả","Sản phẩm hoàn thiện tốt, mặc/đi êm và bền. Kích cỡ chuẩn, màu sắc gần với ảnh. Giao hàng nhanh, đóng gói cẩn thận.",t,t,4,2025-10-13 15:41:12.282244,2025-10-13 15:41:12.282244
