683a7237-ea43-4e45-a2a1-c3c75e7c7d87,44444444-4444-4444-4444-444444444444,Áo len cổ lọ mềm 01,"Áo len cổ lọ sợi cotton blend co giãn, giữ ấm vùng cổ và ngực, bề mặt mịn ít xù. Dễ phối blazer/áo khoác. Chất liệu đạt chuẩn, kiểm tra co giãn và bền màu qua nhiều lần giặt.",Áo len cổ lọ mềm,TOP-SWEA-001,Áo len,"{'"currency'": '"VND'", '"retailPrice'": 324000, '"listingPrice'": 264000}","{'"quantity'": 31}","{'"sizes'": ['"S'", '"M'", '"L'", '"XL'"], '"colors'": ['"đen'", '"xám'", '"trắng'", '"be'", '"xanh navy'"], '"materials'": ['"cotton'", '"polyester'", '"wool'"], '"specifications'": {'"fit'": '"regular'", '"season'": '"đông'", '"material'": '"cotton/poly'"}}",PHYSICAL,PUBLISHED,APPROVED,"{áo,'"giữ ấm'",thoáng}",t,f,f,0.45,"{'"unit'": '"cm'", '"width'": 52, '"height'": 3, '"length'": 67}","{'"keywords'": ['"áo'", '"khoác'", '"len'", '"hoodie'"], '"metaTitle'": '"Áo chất lượng 01'", '"metaDescription'": '"Thoáng khí, giữ ấm, dễ phối'"}",2025-10-13 15:41:12.282244,2025-10-13 15:41:12.282244,2025-10-13 15:41:12.282244,aaaaaaaa-aaaa-aaaa-aaaa-aaaaaaaaaaaa,
53aaf7fe-a525-45ba-a291-00197093ea30,44444444-4444-4444-4444-444444444444,Áo sơ mi cotton mịn 02,"Áo sơ mi cotton dệt twill nhẹ, hút ẩm nhanh, cổ button-down giữ form. Phù hợp công sở và đi chơi. Chất liệu đạt chuẩn, kiểm tra co giãn và bền màu qua nhiều lần giặt.",Áo sơ mi cotton thoáng,TOP-SHIRT-002,Áo sơ mi,"{'"currency'": '"VND'", '"retailPrice'": 328000, '"listingPrice'": 268000}","{'"quantity'": 32}","{'"sizes'": ['"S'", '"M'", '"L'", '"XL'"], '"colors'": ['"đen'", '"xám'", '"trắng'", '"be'", '"xanh navy'"], '"materials'": ['"cotton'", '"polyester'", '"wool'"], '"specifications'": {'"fit'": '"regular'", '"season'": '"xuân/thu'", '"material'": '"cotton/poly'"}}",PHYSICAL,PUBLISHED,APPROVED,"{áo,'"giữ ấm'",thoáng}",t,f,f,0.50,"{'"unit'": '"cm'", '"width'": 50, '"height'": 3, '"length'": 69}","{'"keywords'": ['"áo'", '"khoác'", '"len'", '"hoodie'"], '"metaTitle'": '"Áo chất lượng 02'", '"metaDescription'": '"Thoáng khí, giữ ấm, dễ phối'"}",2025-10-13 15:41:12.282244,2025-10-13 15:41:12.282244,2025-10-13 15:41:12.282244,aaaaaaaa-aaaa-aaaa-aaaa-aaaaaaaaaaaa,
94d3b6dc-beaf-4fed-b320-020d1551b561,44444444-4444-4444-4444-444444444444,Áo hoodie nỉ chải ấm 03,"Áo hoodie nỉ chải bề mặt trong, ấm và mềm, mũ dây rút, bo tay/bo gấu giữ nhiệt. Phù hợp dạo phố, du lịch. Chất liệu đạt chuẩn, kiểm tra co giãn và bền màu qua nhiều lần giặt.","Áo hoodie ấm, thoải mái",TOP-HOOD-003,Áo hoodie,"{'"currency'": '"VND'", '"retailPrice'": 332000, '"listingPrice'": 272000}","{'"quantity'": 33}","{'"sizes'": ['"S'", '"M'", '"L'", '"XL'"], '"colors'": ['"đen'", '"xám'", '"trắng'", '"be'", '"xanh navy'"], '"materials'": ['"cotton'", '"polyester'", '"wool'"], '"specifications'": {'"fit'": '"regular'", '"season'": '"đông'", '"material'": '"cotton/poly'"}}",PHYSICAL,PUBLISHED,APPROVED,"{áo,'"giữ ấm'",thoáng}",t,f,f,0.55,"{'"unit'": '"cm'", '"width'": 52, '"height'": 3, '"length'": 65}","{'"keywords'": ['"áo'", '"khoác'", '"len'", '"hoodie'"], '"metaTitle'": '"Áo chất lượng 03'", '"metaDescription'": '"Thoáng khí, giữ ấm, dễ phối'"}",2025-10-13 15:41:12.282244,2025-10-13 15:41:12.282244,2025-10-13 15:41:12.282244,aaaaaaaa-aaaa-aaaa-aaaa-aaaaaaaaaaaa,
b0f1be1e-e665-45de-a347-6107d3b89c8a,44444444-4444-4444-4444-444444444444,Áo khoác dạ/duffle ấm 04,"Áo khoác dạ lót mềm, giữ nhiệt tốt, đường may tinh gọn, mũ chùm tháo rời. Phù hợp di chuyển sáng sớm/đêm lạnh, form đứng tôn dáng. Chất liệu đạt chuẩn, kiểm tra co giãn và bền màu qua nhiều lần giặt.","Áo khoác ấm, form đứng",TOP-COAT-004,Áo khoác,"{'"currency'": '"VND'", '"retailPrice'": 336000, '"listingPrice'": 276000}","{'"quantity'": 34}","{'"sizes'": ['"S'", '"M'", '"L'", '"XL'"], '"colors'": ['"đen'", '"xám'", '"trắng'", '"be'", '"xanh navy'"], '"materials'": ['"cotton'", '"polyester'", '"wool'"], '"specifications'": {'"fit'": '"regular'", '"season'": '"đông'", '"material'": '"cotton/poly'"}}",PHYSICAL,PUBLISHED,APPROVED,"{áo,'"giữ ấm'",thoáng}",t,f,f,0.60,"{'"unit'": '"cm'", '"width'": 50, '"height'": 3, '"length'": 67}","{'"keywords'": ['"áo'", '"khoác'", '"len'", '"hoodie'"], '"metaTitle'": '"Áo chất lượng 04'", '"metaDescription'": '"Thoáng khí, giữ ấm, dễ phối'"}",2025-10-13 15:41:12.282244,2025-10-13 15:41:12.282244,2025-10-13 15:41:12.282244,aaaaaaaa-aaaa-aaaa-aaaa-aaaaaaaaaaaa,
ed912807-c8dd-4fc6-8bd6-3ce08e8e036e,44444444-4444-4444-4444-444444444444,Áo len cổ lọ mềm 05,"Áo len cổ lọ sợi cotton blend co giãn, giữ ấm vùng cổ và ngực, bề mặt mịn ít xù. Dễ phối blazer/áo khoác. Chất liệu đạt chuẩn, kiểm tra co giãn và bền màu qua nhiều lần giặt.",Áo len cổ lọ mềm,TOP-SWEA-005,Áo len,"{'"currency'": '"VND'", '"retailPrice'": 340000, '"listingPrice'": 280000}","{'"quantity'": 35}","{'"sizes'": ['"S'", '"M'", '"L'", '"XL'"], '"colors'": ['"đen'", '"xám'", '"trắng'", '"be'", '"xanh navy'"], '"materials'": ['"cotton'", '"polyester'", '"wool'"], '"specifications'": {'"fit'": '"regular'", '"season'": '"đông'", '"material'": '"cotton/poly'"}}",PHYSICAL,PUBLISHED,APPROVED,"{áo,'"giữ ấm'",thoáng}",t,t,f,0.65,"{'"unit'": '"cm'", '"width'": 52, '"height'": 3, '"length'": 69}","{'"keywords'": ['"áo'", '"khoác'", '"len'", '"hoodie'"], '"metaTitle'": '"Áo chất lượng 05'", '"metaDescription'": '"Thoáng khí, giữ ấm, dễ phối'"}",2025-10-13 15:41:12.282244,2025-10-13 15:41:12.282244,2025-10-13 15:41:12.282244,aaaaaaaa-aaaa-aaaa-aaaa-aaaaaaaaaaaa,
9b3e3de8-3e0d-4c2e-85bc-580a885a5337,44444444-4444-4444-4444-444444444444,Áo sơ mi cotton mịn 06,"Áo sơ mi cotton dệt twill nhẹ, hút ẩm nhanh, cổ button-down giữ form. Phù hợp công sở và đi chơi. Chất liệu đạt chuẩn, kiểm tra co giãn và bền màu qua nhiều lần giặt.",Áo sơ mi cotton thoáng,TOP-SHIRT-006,Áo sơ mi,"{'"currency'": '"VND'", '"retailPrice'": 344000, '"listingPrice'": 284000}","{'"quantity'": 36}","{'"sizes'": ['"S'", '"M'", '"L'", '"XL'"], '"colors'": ['"đen'", '"xám'", '"trắng'", '"be'", '"xanh navy'"], '"materials'": ['"cotton'", '"polyester'", '"wool'"], '"specifications'": {'"fit'": '"regular'", '"season'": '"xuân/thu'", '"material'": '"cotton/poly'"}}",PHYSICAL,PUBLISHED,APPROVED,"{áo,'"giữ ấm'",thoáng}",t,f,f,0.40,"{'"unit'": '"cm'", '"width'": 50, '"height'": 3, '"length'": 65}","{'"keywords'": ['"áo'", '"khoác'", '"len'", '"hoodie'"], '"metaTitle'": '"Áo chất lượng 06'", '"metaDescription'": '"Thoáng khí, giữ ấm, dễ phối'"}",2025-10-13 15:41:12.282244,2025-10-13 15:41:12.282244,2025-10-13 15:41:12.282244,aaaaaaaa-aaaa-aaaa-aaaa-aaaaaaaaaaaa,
66ae197d-f72d-4fcc-a4b6-ff1e657a9ec9,44444444-4444-4444-4444-444444444444,Áo hoodie nỉ chải ấm 07,"Áo hoodie nỉ chải bề mặt trong, ấm và mềm, mũ dây rút, bo tay/bo gấu giữ nhiệt. Phù hợp dạo phố, du lịch. Chất liệu đạt chuẩn, kiểm tra co giãn và bền màu qua nhiều lần giặt.","Áo hoodie ấm, thoải mái",TOP-HOOD-007,Áo hoodie,"{'"currency'": '"VND'", '"retailPrice'": 348000, '"listingPrice'": 288000}","{'"quantity'": 37}","{'"sizes'": ['"S'", '"M'", '"L'", '"XL'"], '"colors'": ['"đen'", '"xám'", '"trắng'", '"be'", '"xanh navy'"], '"materials'": ['"cotton'", '"polyester'", '"wool'"], '"specifications'": {'"fit'": '"regular'", '"season'": '"đông'", '"material'": '"cotton/poly'"}}",PHYSICAL,PUBLISHED,APPROVED,"{áo,'"giữ ấm'",thoáng}",t,f,f,0.45,"{'"unit'": '"cm'", '"width'": 52, '"height'": 3, '"length'": 67}","{'"keywords'": ['"áo'", '"khoác'", '"len'", '"hoodie'"], '"metaTitle'": '"Áo chất lượng 07'", '"metaDescription'": '"Thoáng khí, giữ ấm, dễ phối'"}",2025-10-13 15:41:12.282244,2025-10-13 15:41:12.282244,2025-10-13 15:41:12.282244,aaaaaaaa-aaaa-aaaa-aaaa-aaaaaaaaaaaa,
a6a3b89e-f63c-47f1-a802-3245dde10acd,44444444-4444-4444-4444-444444444444,Áo khoác dạ/duffle ấm 08,"Áo khoác dạ lót mềm, giữ nhiệt tốt, đường may tinh gọn, mũ chùm tháo rời. Phù hợp di chuyển sáng sớm/đêm lạnh, form đứng tôn dáng. Chất liệu đạt chuẩn, kiểm tra co giãn và bền màu qua nhiều lần giặt.","Áo khoác ấm, form đứng",TOP-COAT-008,Áo khoác,"{'"currency'": '"VND'", '"retailPrice'": 352000, '"listingPrice'": 292000}","{'"quantity'": 38}","{'"sizes'": ['"S'", '"M'", '"L'", '"XL'"], '"colors'": ['"đen'", '"xám'", '"trắng'", '"be'", '"xanh navy'"], '"materials'": ['"cotton'", '"polyester'", '"wool'"], '"specifications'": {'"fit'": '"regular'", '"season'": '"đông'", '"material'": '"cotton/poly'"}}",PHYSICAL,PUBLISHED,APPROVED,"{áo,'"giữ ấm'",thoáng}",t,f,f,0.50,"{'"unit'": '"cm'", '"width'": 50, '"height'": 3, '"length'": 69}","{'"keywords'": ['"áo'", '"khoác'", '"len'", '"hoodie'"], '"metaTitle'": '"Áo chất lượng 08'", '"metaDescription'": '"Thoáng khí, giữ ấm, dễ phối'"}",2025-10-13 15:41:12.282244,2025-10-13 15:41:12.282244,2025-10-13 15:41:12.282244,aaaaaaaa-aaaa-aaaa-aaaa-aaaaaaaaaaaa,
baea05ae-2ad6-4e69-9af5-b9da06eca3f9,44444444-4444-4444-4444-444444444444,Áo len cổ lọ mềm 09,"Áo len cổ lọ sợi cotton blend co giãn, giữ ấm vùng cổ và ngực, bề mặt mịn ít xù. Dễ phối blazer/áo khoác. Chất liệu đạt chuẩn, kiểm tra co giãn và bền màu qua nhiều lần giặt.",Áo len cổ lọ mềm,TOP-SWEA-009,Áo len,"{'"currency'": '"VND'", '"retailPrice'": 356000, '"listingPrice'": 296000}","{'"quantity'": 39}","{'"sizes'": ['"S'", '"M'", '"L'", '"XL'"], '"colors'": ['"đen'", '"xám'", '"trắng'", '"be'", '"xanh navy'"], '"materials'": ['"cotton'", '"polyester'", '"wool'"], '"specifications'": {'"fit'": '"regular'", '"season'": '"đông'", '"material'": '"cotton/poly'"}}",PHYSICAL,PUBLISHED,APPROVED,"{áo,'"giữ ấm'",thoáng}",t,f,f,0.55,"{'"unit'": '"cm'", '"width'": 52, '"height'": 3, '"length'": 65}","{'"keywords'": ['"áo'", '"khoác'", '"len'", '"hoodie'"], '"metaTitle'": '"Áo chất lượng 09'", '"metaDescription'": '"Thoáng khí, giữ ấm, dễ phối'"}",2025-10-13 15:41:12.282244,2025-10-13 15:41:12.282244,2025-10-13 15:41:12.282244,aaaaaaaa-aaaa-aaaa-aaaa-aaaaaaaaaaaa,
4911c3e8-8e23-4f7c-a982-aa1b30290a24,44444444-4444-4444-4444-444444444444,Áo sơ mi cotton mịn 10,"Áo sơ mi cotton dệt twill nhẹ, hút ẩm nhanh, cổ button-down giữ form. Phù hợp công sở và đi chơi. Chất liệu đạt chuẩn, kiểm tra co giãn và bền màu qua nhiều lần giặt.",Áo sơ mi cotton thoáng,TOP-SHIRT-010,Áo sơ mi,"{'"currency'": '"VND'", '"retailPrice'": 360000, '"listingPrice'": 300000}","{'"quantity'": 40}","{'"sizes'": ['"S'", '"M'", '"L'", '"XL'"], '"colors'": ['"đen'", '"xám'", '"trắng'", '"be'", '"xanh navy'"], '"materials'": ['"cotton'", '"polyester'", '"wool'"], '"specifications'": {'"fit'": '"regular'", '"season'": '"xuân/thu'", '"material'": '"cotton/poly'"}}",PHYSICAL,PUBLISHED,APPROVED,"{áo,'"giữ ấm'",thoáng}",t,t,f,0.60,"{'"unit'": '"cm'", '"width'": 50, '"height'": 3, '"length'": 67}","{'"keywords'": ['"áo'", '"khoác'", '"len'", '"hoodie'"], '"metaTitle'": '"Áo chất lượng 10'", '"metaDescription'": '"Thoáng khí, giữ ấm, dễ phối'"}",2025-10-13 15:41:12.282244,2025-10-13 15:41:12.282244,2025-10-13 15:41:12.282244,aaaaaaaa-aaaa-aaaa-aaaa-aaaaaaaaaaaa,
68a92755-78ed-4a49-823f-2e96cfef1238,44444444-4444-4444-4444-444444444444,Áo hoodie nỉ chải ấm 11,"Áo hoodie nỉ chải bề mặt trong, ấm và mềm, mũ dây rút, bo tay/bo gấu giữ nhiệt. Phù hợp dạo phố, du lịch. Chất liệu đạt chuẩn, kiểm tra co giãn và bền màu qua nhiều lần giặt.","Áo hoodie ấm, thoải mái",TOP-HOOD-011,Áo hoodie,"{'"currency'": '"VND'", '"retailPrice'": 364000, '"listingPrice'": 304000}","{'"quantity'": 41}","{'"sizes'": ['"S'", '"M'", '"L'", '"XL'"], '"colors'": ['"đen'", '"xám'", '"trắng'", '"be'", '"xanh navy'"], '"materials'": ['"cotton'", '"polyester'", '"wool'"], '"specifications'": {'"fit'": '"regular'", '"season'": '"đông'", '"material'": '"cotton/poly'"}}",PHYSICAL,PUBLISHED,APPROVED,"{áo,'"giữ ấm'",thoáng}",t,f,f,0.65,"{'"unit'": '"cm'", '"width'": 52, '"height'": 3, '"length'": 69}","{'"keywords'": ['"áo'", '"khoác'", '"len'", '"hoodie'"], '"metaTitle'": '"Áo chất lượng 11'", '"metaDescription'": '"Thoáng khí, giữ ấm, dễ phối'"}",2025-10-13 15:41:12.282244,2025-10-13 15:41:12.282244,2025-10-13 15:41:12.282244,aaaaaaaa-aaaa-aaaa-aaaa-aaaaaaaaaaaa,
6d7e3445-26a7-4fbb-8ee8-2a67db20be9a,44444444-4444-4444-4444-444444444444,Áo khoác dạ/duffle ấm 12,"Áo khoác dạ lót mềm, giữ nhiệt tốt, đường may tinh gọn, mũ chùm tháo rời. Phù hợp di chuyển sáng sớm/đêm lạnh, form đứng tôn dáng. Chất liệu đạt chuẩn, kiểm tra co giãn và bền màu qua nhiều lần giặt.","Áo khoác ấm, form đứng",TOP-COAT-012,Áo khoác,"{'"currency'": '"VND'", '"retailPrice'": 368000, '"listingPrice'": 308000}","{'"quantity'": 42}","{'"sizes'": ['"S'", '"M'", '"L'", '"XL'"], '"colors'": ['"đen'", '"xám'", '"trắng'", '"be'", '"xanh navy'"], '"materials'": ['"cotton'", '"polyester'", '"wool'"], '"specifications'": {'"fit'": '"regular'", '"season'": '"đông'", '"material'": '"cotton/poly'"}}",PHYSICAL,PUBLISHED,APPROVED,"{áo,'"giữ ấm'",thoáng}",t,f,f,0.40,"{'"unit'": '"cm'", '"width'": 50, '"height'": 3, '"length'": 65}","{'"keywords'": ['"áo'", '"khoác'", '"len'", '"hoodie'"], '"metaTitle'": '"Áo chất lượng 12'", '"metaDescription'": '"Thoáng khí, giữ ấm, dễ phối'"}",2025-10-13 15:41:12.282244,2025-10-13 15:41:12.282244,2025-10-13 15:41:12.282244,aaaaaaaa-aaaa-aaaa-aaaa-aaaaaaaaaaaa,
d7047958-a83a-4f59-b3b4-d18a8c76bd91,44444444-4444-4444-4444-444444444444,Áo len cổ lọ mềm 13,"Áo len cổ lọ sợi cotton blend co giãn, giữ ấm vùng cổ và ngực, bề mặt mịn ít xù. Dễ phối blazer/áo khoác. Chất liệu đạt chuẩn, kiểm tra co giãn và bền màu qua nhiều lần giặt.",Áo len cổ lọ mềm,TOP-SWEA-013,Áo len,"{'"currency'": '"VND'", '"retailPrice'": 372000, '"listingPrice'": 312000}","{'"quantity'": 43}","{'"sizes'": ['"S'", '"M'", '"L'", '"XL'"], '"colors'": ['"đen'", '"xám'", '"trắng'", '"be'", '"xanh navy'"], '"materials'": ['"cotton'", '"polyester'", '"wool'"], '"specifications'": {'"fit'": '"regular'", '"season'": '"đông'", '"material'": '"cotton/poly'"}}",PHYSICAL,PUBLISHED,APPROVED,"{áo,'"giữ ấm'",thoáng}",t,f,f,0.45,"{'"unit'": '"cm'", '"width'": 52, '"height'": 3, '"length'": 67}","{'"keywords'": ['"áo'", '"khoác'", '"len'", '"hoodie'"], '"metaTitle'": '"Áo chất lượng 13'", '"metaDescription'": '"Thoáng khí, giữ ấm, dễ phối'"}",2025-10-13 15:41:12.282244,2025-10-13 15:41:12.282244,2025-10-13 15:41:12.282244,aaaaaaaa-aaaa-aaaa-aaaa-aaaaaaaaaaaa,
397936de-d39c-4b06-9196-10e10172e668,44444444-4444-4444-4444-444444444444,Áo sơ mi cotton mịn 14,"Áo sơ mi cotton dệt twill nhẹ, hút ẩm nhanh, cổ button-down giữ form. Phù hợp công sở và đi chơi. Chất liệu đạt chuẩn, kiểm tra co giãn và bền màu qua nhiều lần giặt.",Áo sơ mi cotton thoáng,TOP-SHIRT-014,Áo sơ mi,"{'"currency'": '"VND'", '"retailPrice'": 376000, '"listingPrice'": 316000}","{'"quantity'": 44}","{'"sizes'": ['"S'", '"M'", '"L'", '"XL'"], '"colors'": ['"đen'", '"xám'", '"trắng'", '"be'", '"xanh navy'"], '"materials'": ['"cotton'", '"polyester'", '"wool'"], '"specifications'": {'"fit'": '"regular'", '"season'": '"xuân/thu'", '"material'": '"cotton/poly'"}}",PHYSICAL,PUBLISHED,APPROVED,"{áo,'"giữ ấm'",thoáng}",t,f,f,0.50,"{'"unit'": '"cm'", '"width'": 50, '"height'": 3, '"length'": 69}","{'"keywords'": ['"áo'", '"khoác'", '"len'", '"hoodie'"], '"metaTitle'": '"Áo chất lượng 14'", '"metaDescription'": '"Thoáng khí, giữ ấm, dễ phối'"}",2025-10-13 15:41:12.282244,2025-10-13 15:41:12.282244,2025-10-13 15:41:12.282244,aaaaaaaa-aaaa-aaaa-aaaa-aaaaaaaaaaaa,
85421517-5bf0-485f-8d8f-ca1972b88b8e,44444444-4444-4444-4444-444444444444,Áo hoodie nỉ chải ấm 15,"Áo hoodie nỉ chải bề mặt trong, ấm và mềm, mũ dây rút, bo tay/bo gấu giữ nhiệt. Phù hợp dạo phố, du lịch. Chất liệu đạt chuẩn, kiểm tra co giãn và bền màu qua nhiều lần giặt.","Áo hoodie ấm, thoải mái",TOP-HOOD-015,Áo hoodie,"{'"currency'": '"VND'", '"retailPrice'": 380000, '"listingPrice'": 320000}","{'"quantity'": 45}","{'"sizes'": ['"S'", '"M'", '"L'", '"XL'"], '"colors'": ['"đen'", '"xám'", '"trắng'", '"be'", '"xanh navy'"], '"materials'": ['"cotton'", '"polyester'", '"wool'"], '"specifications'": {'"fit'": '"regular'", '"season'": '"đông'", '"material'": '"cotton/poly'"}}",PHYSICAL,PUBLISHED,APPROVED,"{áo,'"giữ ấm'",thoáng}",t,t,f,0.55,"{'"unit'": '"cm'", '"width'": 52, '"height'": 3, '"length'": 65}","{'"keywords'": ['"áo'", '"khoác'", '"len'", '"hoodie'"], '"metaTitle'": '"Áo chất lượng 15'", '"metaDescription'": '"Thoáng khí, giữ ấm, dễ phối'"}",2025-10-13 15:41:12.282244,2025-10-13 15:41:12.282244,2025-10-13 15:41:12.282244,aaaaaaaa-aaaa-aaaa-aaaa-aaaaaaaaaaaa,
b5740e68-0642-4440-911e-bf68c5c67345,44444444-4444-4444-4444-444444444444,Áo khoác dạ/duffle ấm 16,"Áo khoác dạ lót mềm, giữ nhiệt tốt, đường may tinh gọn, mũ chùm tháo rời. Phù hợp di chuyển sáng sớm/đêm lạnh, form đứng tôn dáng. Chất liệu đạt chuẩn, kiểm tra co giãn và bền màu qua nhiều lần giặt.","Áo khoác ấm, form đứng",TOP-COAT-016,Áo khoác,"{'"currency'": '"VND'", '"retailPrice'": 384000, '"listingPrice'": 324000}","{'"quantity'": 46}","{'"sizes'": ['"S'", '"M'", '"L'", '"XL'"], '"colors'": ['"đen'", '"xám'", '"trắng'", '"be'", '"xanh navy'"], '"materials'": ['"cotton'", '"polyester'", '"wool'"], '"specifications'": {'"fit'": '"regular'", '"season'": '"đông'", '"material'": '"cotton/poly'"}}",PHYSICAL,PUBLISHED,APPROVED,"{áo,'"giữ ấm'",thoáng}",t,f,f,0.60,"{'"unit'": '"cm'", '"width'": 50, '"height'": 3, '"length'": 67}","{'"keywords'": ['"áo'", '"khoác'", '"len'", '"hoodie'"], '"metaTitle'": '"Áo chất lượng 16'", '"metaDescription'": '"Thoáng khí, giữ ấm, dễ phối'"}",2025-10-13 15:41:12.282244,2025-10-13 15:41:12.282244,2025-10-13 15:41:12.282244,aaaaaaaa-aaaa-aaaa-aaaa-aaaaaaaaaaaa,
7f712f99-6e88-4ed6-987e-59d471583e13,44444444-4444-4444-4444-444444444444,Áo len cổ lọ mềm 17,"Áo len cổ lọ sợi cotton blend co giãn, giữ ấm vùng cổ và ngực, bề mặt mịn ít xù. Dễ phối blazer/áo khoác. Chất liệu đạt chuẩn, kiểm tra co giãn và bền màu qua nhiều lần giặt.",Áo len cổ lọ mềm,TOP-SWEA-017,Áo len,"{'"currency'": '"VND'", '"retailPrice'": 388000, '"listingPrice'": 328000}","{'"quantity'": 47}","{'"sizes'": ['"S'", '"M'", '"L'", '"XL'"], '"colors'": ['"đen'", '"xám'", '"trắng'", '"be'", '"xanh navy'"], '"materials'": ['"cotton'", '"polyester'", '"wool'"], '"specifications'": {'"fit'": '"regular'", '"season'": '"đông'", '"material'": '"cotton/poly'"}}",PHYSICAL,PUBLISHED,APPROVED,"{áo,'"giữ ấm'",thoáng}",t,f,f,0.65,"{'"unit'": '"cm'", '"width'": 52, '"height'": 3, '"length'": 69}","{'"keywords'": ['"áo'", '"khoác'", '"len'", '"hoodie'"], '"metaTitle'": '"Áo chất lượng 17'", '"metaDescription'": '"Thoáng khí, giữ ấm, dễ phối'"}",2025-10-13 15:41:12.282244,2025-10-13 15:41:12.282244,2025-10-13 15:41:12.282244,aaaaaaaa-aaaa-aaaa-aaaa-aaaaaaaaaaaa,
ef709680-8301-49f5-bda5-030d45f198c3,44444444-4444-4444-4444-444444444444,Áo sơ mi cotton mịn 18,"Áo sơ mi cotton dệt twill nhẹ, hút ẩm nhanh, cổ button-down giữ form. Phù hợp công sở và đi chơi. Chất liệu đạt chuẩn, kiểm tra co giãn và bền màu qua nhiều lần giặt.",Áo sơ mi cotton thoáng,TOP-SHIRT-018,Áo sơ mi,"{'"currency'": '"VND'", '"retailPrice'": 392000, '"listingPrice'": 332000}","{'"quantity'": 48}","{'"sizes'": ['"S'", '"M'", '"L'", '"XL'"], '"colors'": ['"đen'", '"xám'", '"trắng'", '"be'", '"xanh navy'"], '"materials'": ['"cotton'", '"polyester'", '"wool'"], '"specifications'": {'"fit'": '"regular'", '"season'": '"xuân/thu'", '"material'": '"cotton/poly'"}}",PHYSICAL,PUBLISHED,APPROVED,"{áo,'"giữ ấm'",thoáng}",t,f,f,0.40,"{'"unit'": '"cm'", '"width'": 50, '"height'": 3, '"length'": 65}","{'"keywords'": ['"áo'", '"khoác'", '"len'", '"hoodie'"], '"metaTitle'": '"Áo chất lượng 18'", '"metaDescription'": '"Thoáng khí, giữ ấm, dễ phối'"}",2025-10-13 15:41:12.282244,2025-10-13 15:41:12.282244,2025-10-13 15:41:12.282244,aaaaaaaa-aaaa-aaaa-aaaa-aaaaaaaaaaaa,
edbd7748-fa17-4f18-a0c8-a5cd669aa943,44444444-4444-4444-4444-444444444444,Áo hoodie nỉ chải ấm 19,"Áo hoodie nỉ chải bề mặt trong, ấm và mềm, mũ dây rút, bo tay/bo gấu giữ nhiệt. Phù hợp dạo phố, du lịch. Chất liệu đạt chuẩn, kiểm tra co giãn và bền màu qua nhiều lần giặt.","Áo hoodie ấm, thoải mái",TOP-HOOD-019,Áo hoodie,"{'"currency'": '"VND'", '"retailPrice'": 396000, '"listingPrice'": 336000}","{'"quantity'": 49}","{'"sizes'": ['"S'", '"M'", '"L'", '"XL'"], '"colors'": ['"đen'", '"xám'", '"trắng'", '"be'", '"xanh navy'"], '"materials'": ['"cotton'", '"polyester'", '"wool'"], '"specifications'": {'"fit'": '"regular'", '"season'": '"đông'", '"material'": '"cotton/poly'"}}",PHYSICAL,PUBLISHED,APPROVED,"{áo,'"giữ ấm'",thoáng}",t,f,f,0.45,"{'"unit'": '"cm'", '"width'": 52, '"height'": 3, '"length'": 67}","{'"keywords'": ['"áo'", '"khoác'", '"len'", '"hoodie'"], '"metaTitle'": '"Áo chất lượng 19'", '"metaDescription'": '"Thoáng khí, giữ ấm, dễ phối'"}",2025-10-13 15:41:12.282244,2025-10-13 15:41:12.282244,2025-10-13 15:41:12.282244,aaaaaaaa-aaaa-aaaa-aaaa-aaaaaaaaaaaa,
053fe40e-bddb-4421-a620-6bdf8e89b380,44444444-4444-4444-4444-444444444444,Áo khoác dạ/duffle ấm 20,"Áo khoác dạ lót mềm, giữ nhiệt tốt, đường may tinh gọn, mũ chùm tháo rời. Phù hợp di chuyển sáng sớm/đêm lạnh, form đứng tôn dáng. Chất liệu đạt chuẩn, kiểm tra co giãn và bền màu qua nhiều lần giặt.","Áo khoác ấm, form đứng",TOP-COAT-020,Áo khoác,"{'"currency'": '"VND'", '"retailPrice'": 400000, '"listingPrice'": 340000}","{'"quantity'": 50}","{'"sizes'": ['"S'", '"M'", '"L'", '"XL'"], '"colors'": ['"đen'", '"xám'", '"trắng'", '"be'", '"xanh navy'"], '"materials'": ['"cotton'", '"polyester'", '"wool'"], '"specifications'": {'"fit'": '"regular'", '"season'": '"đông'", '"material'": '"cotton/poly'"}}",PHYSICAL,PUBLISHED,APPROVED,"{áo,'"giữ ấm'",thoáng}",t,t,f,0.50,"{'"unit'": '"cm'", '"width'": 50, '"height'": 3, '"length'": 69}","{'"keywords'": ['"áo'", '"khoác'", '"len'", '"hoodie'"], '"metaTitle'": '"Áo chất lượng 20'", '"metaDescription'": '"Thoáng khí, giữ ấm, dễ phối'"}",2025-10-13 15:41:12.282244,2025-10-13 15:41:12.282244,2025-10-13 15:41:12.282244,aaaaaaaa-aaaa-aaaa-aaaa-aaaaaaaaaaaa,
1f10ce21-ba98-45f5-b911-1420491639d8,44444444-4444-4444-4444-444444444444,Quần kaki cotton dày 01,"Quần kaki cotton dày vừa, bề mặt mịn, nếp ly ổn định, túi chéo tiện dụng. Phối áo sơ mi/áo thun đều đẹp. Sợi vải được chọn lọc, kiểm thử co rút và bền màu.",Quần kaki đứng form,PANT-CHINO-001,Quần kaki,"{'"currency'": '"VND'", '"retailPrice'": 293000, '"listingPrice'": 243000}","{'"quantity'": 26}","{'"sizes'": ['"28'", '"30'", '"32'", '"34'", '"36'"], '"colors'": ['"xanh'", '"đen'", '"xám'", '"be'"], '"materials'": ['"cotton'", '"denim'", '"spandex'"], '"specifications'": {'"fit'": '"regular'", '"material'": '"cotton/denim'", '"thickness'": '"vừa'"}}",PHYSICAL,PUBLISHED,APPROVED,"{quần,bền,thoáng}",t,f,f,0.66,"{'"unit'": '"cm'", '"width'": 37, '"height'": 2, '"length'": 98}","{'"keywords'": ['"quần'", '"jeans'", '"kaki'", '"jogger'", '"shorts'"], '"metaTitle'": '"Quần chất lượng 01'", '"metaDescription'": '"Thoáng, bền, dễ phối'"}",2025-10-13 15:41:12.282244,2025-10-13 15:41:12.282244,2025-10-13 15:41:12.282244,aaaaaaaa-aaaa-aaaa-aaaa-aaaaaaaaaaaa,
4ff6d9e2-0ecd-4f9f-ac98-cf4eef3c14e4,44444444-4444-4444-4444-444444444444,Quần jogger co giãn 02,"Quần jogger thun bo gấu, vải cotton blend co giãn, nhẹ và thoáng. Dây rút chắc, phù hợp vận động và di chuyển nhiều. Sợi vải được chọn lọc, kiểm thử co rút và bền màu.",Quần jogger thoải mái,PANT-JOGG-002,Quần jogger,"{'"currency'": '"VND'", '"retailPrice'": 296000, '"listingPrice'": 246000}","{'"quantity'": 27}","{'"sizes'": ['"28'", '"30'", '"32'", '"34'", '"36'"], '"colors'": ['"xanh'", '"đen'", '"xám'", '"be'"], '"materials'": ['"cotton'", '"denim'", '"spandex'"], '"specifications'": {'"fit'": '"regular'", '"material'": '"cotton/denim'", '"thickness'": '"vừa'"}}",PHYSICAL,PUBLISHED,APPROVED,"{quần,bền,thoáng}",t,f,f,0.72,"{'"unit'": '"cm'", '"width'": 35, '"height'": 2, '"length'": 101}","{'"keywords'": ['"quần'", '"jeans'", '"kaki'", '"jogger'", '"shorts'"], '"metaTitle'": '"Quần chất lượng 02'", '"metaDescription'": '"Thoáng, bền, dễ phối'"}",2025-10-13 15:41:12.282244,2025-10-13 15:41:12.282244,2025-10-13 15:41:12.282244,aaaaaaaa-aaaa-aaaa-aaaa-aaaaaaaaaaaa,
db4d6a17-a200-450e-9b1c-8b2014759743,44444444-4444-4444-4444-444444444444,Quần short thoáng mát 03,"Quần short cotton/denim nhẹ, thoáng mát mùa hè, đường may gọn sắc. Dễ phối áo thun hoặc sơ mi linen. Sợi vải được chọn lọc, kiểm thử co rút và bền màu.",Quần short nhẹ thoáng,PANT-SHORT-003,Quần short,"{'"currency'": '"VND'", '"retailPrice'": 299000, '"listingPrice'": 249000}","{'"quantity'": 28}","{'"sizes'": ['"28'", '"30'", '"32'", '"34'", '"36'"], '"colors'": ['"xanh'", '"đen'", '"xám'", '"be'"], '"materials'": ['"cotton'", '"denim'", '"spandex'"], '"specifications'": {'"fit'": '"regular'", '"material'": '"cotton/denim'", '"thickness'": '"mỏng'"}}",PHYSICAL,PUBLISHED,APPROVED,"{quần,bền,thoáng}",t,f,f,0.78,"{'"unit'": '"cm'", '"width'": 37, '"height'": 2, '"length'": 95}","{'"keywords'": ['"quần'", '"jeans'", '"kaki'", '"jogger'", '"shorts'"], '"metaTitle'": '"Quần chất lượng 03'", '"metaDescription'": '"Thoáng, bền, dễ phối'"}",2025-10-13 15:41:12.282244,2025-10-13 15:41:12.282244,2025-10-13 15:41:12.282244,aaaaaaaa-aaaa-aaaa-aaaa-aaaaaaaaaaaa,
b523867c-00ea-4499-a497-1ea8e81af08e,44444444-4444-4444-4444-444444444444,Quần jean denim bền 04,"Quần jean denim dày vừa, co giãn nhẹ, form slim-straight, bền màu sau nhiều lần giặt. Độ dài tiêu chuẩn, phù hợp đi làm, đi chơi. Sợi vải được chọn lọc, kiểm thử co rút và bền màu.","Quần jean bền, form đẹp",PANT-JEANS-004,Quần jean,"{'"currency'": '"VND'", '"retailPrice'": 302000, '"listingPrice'": 252000}","{'"quantity'": 29}","{'"sizes'": ['"28'", '"30'", '"32'", '"34'", '"36'"], '"colors'": ['"xanh'", '"đen'", '"xám'", '"be'"], '"materials'": ['"cotton'", '"denim'", '"spandex'"], '"specifications'": {'"fit'": '"regular'", '"material'": '"cotton/denim'", '"thickness'": '"dày'"}}",PHYSICAL,PUBLISHED,APPROVED,"{quần,bền,thoáng}",t,t,f,0.84,"{'"unit'": '"cm'", '"width'": 35, '"height'": 2, '"length'": 98}","{'"keywords'": ['"quần'", '"jeans'", '"kaki'", '"jogger'", '"shorts'"], '"metaTitle'": '"Quần chất lượng 04'", '"metaDescription'": '"Thoáng, bền, dễ phối'"}",2025-10-13 15:41:12.282244,2025-10-13 15:41:12.282244,2025-10-13 15:41:12.282244,aaaaaaaa-aaaa-aaaa-aaaa-aaaaaaaaaaaa,
7efa9e83-e566-463b-a40c-ac830e1c29f4,44444444-4444-4444-4444-444444444444,Quần kaki cotton dày 05,"Quần kaki cotton dày vừa, bề mặt mịn, nếp ly ổn định, túi chéo tiện dụng. Phối áo sơ mi/áo thun đều đẹp. Sợi vải được chọn lọc, kiểm thử co rút và bền màu.",Quần kaki đứng form,PANT-CHINO-005,Quần kaki,"{'"currency'": '"VND'", '"retailPrice'": 305000, '"listingPrice'": 255000}","{'"quantity'": 30}","{'"sizes'": ['"28'", '"30'", '"32'", '"34'", '"36'"], '"colors'": ['"xanh'", '"đen'", '"xám'", '"be'"], '"materials'": ['"cotton'", '"denim'", '"spandex'"], '"specifications'": {'"fit'": '"regular'", '"material'": '"cotton/denim'", '"thickness'": '"vừa'"}}",PHYSICAL,PUBLISHED,APPROVED,"{quần,bền,thoáng}",t,f,f,0.60,"{'"unit'": '"cm'", '"width'": 37, '"height'": 2, '"length'": 101}","{'"keywords'": ['"quần'", '"jeans'", '"kaki'", '"jogger'", '"shorts'"], '"metaTitle'": '"Quần chất lượng 05'", '"metaDescription'": '"Thoáng, bền, dễ phối'"}",2025-10-13 15:41:12.282244,2025-10-13 15:41:12.282244,2025-10-13 15:41:12.282244,aaaaaaaa-aaaa-aaaa-aaaa-aaaaaaaaaaaa,
3653eda5-d489-4ce5-b036-87d5478afb1a,44444444-4444-4444-4444-444444444444,Quần jogger co giãn 06,"Quần jogger thun bo gấu, vải cotton blend co giãn, nhẹ và thoáng. Dây rút chắc, phù hợp vận động và di chuyển nhiều. Sợi vải được chọn lọc, kiểm thử co rút và bền màu.",Quần jogger thoải mái,PANT-JOGG-006,Quần jogger,"{'"currency'": '"VND'", '"retailPrice'": 308000, '"listingPrice'": 258000}","{'"quantity'": 31}","{'"sizes'": ['"28'", '"30'", '"32'", '"34'", '"36'"], '"colors'": ['"xanh'", '"đen'", '"xám'", '"be'"], '"materials'": ['"cotton'", '"denim'", '"spandex'"], '"specifications'": {'"fit'": '"regular'", '"material'": '"cotton/denim'", '"thickness'": '"vừa'"}}",PHYSICAL,PUBLISHED,APPROVED,"{quần,bền,thoáng}",t,f,f,0.66,"{'"unit'": '"cm'", '"width'": 35, '"height'": 2, '"length'": 95}","{'"keywords'": ['"quần'", '"jeans'", '"kaki'", '"jogger'", '"shorts'"], '"metaTitle'": '"Quần chất lượng 06'", '"metaDescription'": '"Thoáng, bền, dễ phối'"}",2025-10-13 15:41:12.282244,2025-10-13 15:41:12.282244,2025-10-13 15:41:12.282244,aaaaaaaa-aaaa-aaaa-aaaa-aaaaaaaaaaaa,
4cc7ead1-e8b9-4c53-8d26-bf8a02c6ec3d,44444444-4444-4444-4444-444444444444,Quần short thoáng mát 07,"Quần short cotton/denim nhẹ, thoáng mát mùa hè, đường may gọn sắc. Dễ phối áo thun hoặc sơ mi linen. Sợi vải được chọn lọc, kiểm thử co rút và bền màu.",Quần short nhẹ thoáng,PANT-SHORT-007,Quần short,"{'"currency'": '"VND'", '"retailPrice'": 311000, '"listingPrice'": 261000}","{'"quantity'": 32}","{'"sizes'": ['"28'", '"30'", '"32'", '"34'", '"36'"], '"colors'": ['"xanh'", '"đen'", '"xám'", '"be'"], '"materials'": ['"cotton'", '"denim'", '"spandex'"], '"specifications'": {'"fit'": '"regular'", '"material'": '"cotton/denim'", '"thickness'": '"mỏng'"}}",PHYSICAL,PUBLISHED,APPROVED,"{quần,bền,thoáng}",t,f,f,0.72,"{'"unit'": '"cm'", '"width'": 37, '"height'": 2, '"length'": 98}","{'"keywords'": ['"quần'", '"jeans'", '"kaki'", '"jogger'", '"shorts'"], '"metaTitle'": '"Quần chất lượng 07'", '"metaDescription'": '"Thoáng, bền, dễ phối'"}",2025-10-13 15:41:12.282244,2025-10-13 15:41:12.282244,2025-10-13 15:41:12.282244,aaaaaaaa-aaaa-aaaa-aaaa-aaaaaaaaaaaa,
f590881a-08ae-448f-8e09-536840e690a7,44444444-4444-4444-4444-444444444444,Quần jean denim bền 08,"Quần jean denim dày vừa, co giãn nhẹ, form slim-straight, bền màu sau nhiều lần giặt. Độ dài tiêu chuẩn, phù hợp đi làm, đi chơi. Sợi vải được chọn lọc, kiểm thử co rút và bền màu.","Quần jean bền, form đẹp",PANT-JEANS-008,Quần jean,"{'"currency'": '"VND'", '"retailPrice'": 314000, '"listingPrice'": 264000}","{'"quantity'": 33}","{'"sizes'": ['"28'", '"30'", '"32'", '"34'", '"36'"], '"colors'": ['"xanh'", '"đen'", '"xám'", '"be'"], '"materials'": ['"cotton'", '"denim'", '"spandex'"], '"specifications'": {'"fit'": '"regular'", '"material'": '"cotton/denim'", '"thickness'": '"dày'"}}",PHYSICAL,PUBLISHED,APPROVED,"{quần,bền,thoáng}",t,t,f,0.78,"{'"unit'": '"cm'", '"width'": 35, '"height'": 2, '"length'": 101}","{'"keywords'": ['"quần'", '"jeans'", '"kaki'", '"jogger'", '"shorts'"], '"metaTitle'": '"Quần chất lượng 08'", '"metaDescription'": '"Thoáng, bền, dễ phối'"}",2025-10-13 15:41:12.282244,2025-10-13 15:41:12.282244,2025-10-13 15:41:12.282244,aaaaaaaa-aaaa-aaaa-aaaa-aaaaaaaaaaaa,
481fdbe7-269a-4c10-a1bc-0e6ce8728815,44444444-4444-4444-4444-444444444444,Quần kaki cotton dày 09,"Quần kaki cotton dày vừa, bề mặt mịn, nếp ly ổn định, túi chéo tiện dụng. Phối áo sơ mi/áo thun đều đẹp. Sợi vải được chọn lọc, kiểm thử co rút và bền màu.",Quần kaki đứng form,PANT-CHINO-009,Quần kaki,"{'"currency'": '"VND'", '"retailPrice'": 317000, '"listingPrice'": 267000}","{'"quantity'": 34}","{'"sizes'": ['"28'", '"30'", '"32'", '"34'", '"36'"], '"colors'": ['"xanh'", '"đen'", '"xám'", '"be'"], '"materials'": ['"cotton'", '"denim'", '"spandex'"], '"specifications'": {'"fit'": '"regular'", '"material'": '"cotton/denim'", '"thickness'": '"vừa'"}}",PHYSICAL,PUBLISHED,APPROVED,"{quần,bền,thoáng}",t,f,f,0.84,"{'"unit'": '"cm'", '"width'": 37, '"height'": 2, '"length'": 95}","{'"keywords'": ['"quần'", '"jeans'", '"kaki'", '"jogger'", '"shorts'"], '"metaTitle'": '"Quần chất lượng 09'", '"metaDescription'": '"Thoáng, bền, dễ phối'"}",2025-10-13 15:41:12.282244,2025-10-13 15:41:12.282244,2025-10-13 15:41:12.282244,aaaaaaaa-aaaa-aaaa-aaaa-aaaaaaaaaaaa,
edc79e5d-5cc8-4bda-81c2-ef2100061e07,44444444-4444-4444-4444-444444444444,Quần jogger co giãn 10,"Quần jogger thun bo gấu, vải cotton blend co giãn, nhẹ và thoáng. Dây rút chắc, phù hợp vận động và di chuyển nhiều. Sợi vải được chọn lọc, kiểm thử co rút và bền màu.",Quần jogger thoải mái,PANT-JOGG-010,Quần jogger,"{'"currency'": '"VND'", '"retailPrice'": 320000, '"listingPrice'": 270000}","{'"quantity'": 35}","{'"sizes'": ['"28'", '"30'", '"32'", '"34'", '"36'"], '"colors'": ['"xanh'", '"đen'", '"xám'", '"be'"], '"materials'": ['"cotton'", '"denim'", '"spandex'"], '"specifications'": {'"fit'": '"regular'", '"material'": '"cotton/denim'", '"thickness'": '"vừa'"}}",PHYSICAL,PUBLISHED,APPROVED,"{quần,bền,thoáng}",t,f,f,0.60,"{'"unit'": '"cm'", '"width'": 35, '"height'": 2, '"length'": 98}","{'"keywords'": ['"quần'", '"jeans'", '"kaki'", '"jogger'", '"shorts'"], '"metaTitle'": '"Quần chất lượng 10'", '"metaDescription'": '"Thoáng, bền, dễ phối'"}",2025-10-13 15:41:12.282244,2025-10-13 15:41:12.282244,2025-10-13 15:41:12.282244,aaaaaaaa-aaaa-aaaa-aaaa-aaaaaaaaaaaa,
a8562229-71c1-45c2-87d6-b15dfbd3acce,44444444-4444-4444-4444-444444444444,Quần short thoáng mát 11,"Quần short cotton/denim nhẹ, thoáng mát mùa hè, đường may gọn sắc. Dễ phối áo thun hoặc sơ mi linen. Sợi vải được chọn lọc, kiểm thử co rút và bền màu.",Quần short nhẹ thoáng,PANT-SHORT-011,Quần short,"{'"currency'": '"VND'", '"retailPrice'": 323000, '"listingPrice'": 273000}","{'"quantity'": 36}","{'"sizes'": ['"28'", '"30'", '"32'", '"34'", '"36'"], '"colors'": ['"xanh'", '"đen'", '"xám'", '"be'"], '"materials'": ['"cotton'", '"denim'", '"spandex'"], '"specifications'": {'"fit'": '"regular'", '"material'": '"cotton/denim'", '"thickness'": '"mỏng'"}}",PHYSICAL,PUBLISHED,APPROVED,"{quần,bền,thoáng}",t,f,f,0.66,"{'"unit'": '"cm'", '"width'": 37, '"height'": 2, '"length'": 101}","{'"keywords'": ['"quần'", '"jeans'", '"kaki'", '"jogger'", '"shorts'"], '"metaTitle'": '"Quần chất lượng 11'", '"metaDescription'": '"Thoáng, bền, dễ phối'"}",2025-10-13 15:41:12.282244,2025-10-13 15:41:12.282244,2025-10-13 15:41:12.282244,aaaaaaaa-aaaa-aaaa-aaaa-aaaaaaaaaaaa,
affd2d58-6107-48af-8aaf-671fec6e65a5,44444444-4444-4444-4444-444444444444,Quần jean denim bền 12,"Quần jean denim dày vừa, co giãn nhẹ, form slim-straight, bền màu sau nhiều lần giặt. Độ dài tiêu chuẩn, phù hợp đi làm, đi chơi. Sợi vải được chọn lọc, kiểm thử co rút và bền màu.","Quần jean bền, form đẹp",PANT-JEANS-012,Quần jean,"{'"currency'": '"VND'", '"retailPrice'": 326000, '"listingPrice'": 276000}","{'"quantity'": 37}","{'"sizes'": ['"28'", '"30'", '"32'", '"34'", '"36'"], '"colors'": ['"xanh'", '"đen'", '"xám'", '"be'"], '"materials'": ['"cotton'", '"denim'", '"spandex'"], '"specifications'": {'"fit'": '"regular'", '"material'": '"cotton/denim'", '"thickness'": '"dày'"}}",PHYSICAL,PUBLISHED,APPROVED,"{quần,bền,thoáng}",t,t,f,0.72,"{'"unit'": '"cm'", '"width'": 35, '"height'": 2, '"length'": 95}","{'"keywords'": ['"quần'", '"jeans'", '"kaki'", '"jogger'", '"shorts'"], '"metaTitle'": '"Quần chất lượng 12'", '"metaDescription'": '"Thoáng, bền, dễ phối'"}",2025-10-13 15:41:12.282244,2025-10-13 15:41:12.282244,2025-10-13 15:41:12.282244,aaaaaaaa-aaaa-aaaa-aaaa-aaaaaaaaaaaa,
952c6d74-922a-4604-bd57-e4dd800ec63f,44444444-4444-4444-4444-444444444444,Quần kaki cotton dày 13,"Quần kaki cotton dày vừa, bề mặt mịn, nếp ly ổn định, túi chéo tiện dụng. Phối áo sơ mi/áo thun đều đẹp. Sợi vải được chọn lọc, kiểm thử co rút và bền màu.",Quần kaki đứng form,PANT-CHINO-013,Quần kaki,"{'"currency'": '"VND'", '"retailPrice'": 329000, '"listingPrice'": 279000}","{'"quantity'": 38}","{'"sizes'": ['"28'", '"30'", '"32'", '"34'", '"36'"], '"colors'": ['"xanh'", '"đen'", '"xám'", '"be'"], '"materials'": ['"cotton'", '"denim'", '"spandex'"], '"specifications'": {'"fit'": '"regular'", '"material'": '"cotton/denim'", '"thickness'": '"vừa'"}}",PHYSICAL,PUBLISHED,APPROVED,"{quần,bền,thoáng}",t,f,f,0.78,"{'"unit'": '"cm'", '"width'": 37, '"height'": 2, '"length'": 98}","{'"keywords'": ['"quần'", '"jeans'", '"kaki'", '"jogger'", '"shorts'"], '"metaTitle'": '"Quần chất lượng 13'", '"metaDescription'": '"Thoáng, bền, dễ phối'"}",2025-10-13 15:41:12.282244,2025-10-13 15:41:12.282244,2025-10-13 15:41:12.282244,aaaaaaaa-aaaa-aaaa-aaaa-aaaaaaaaaaaa,
271a2a46-c5db-44c3-a7ab-37b194321df1,44444444-4444-4444-4444-444444444444,Quần jogger co giãn 14,"Quần jogger thun bo gấu, vải cotton blend co giãn, nhẹ và thoáng. Dây rút chắc, phù hợp vận động và di chuyển nhiều. Sợi vải được chọn lọc, kiểm thử co rút và bền màu.",Quần jogger thoải mái,PANT-JOGG-014,Quần jogger,"{'"currency'": '"VND'", '"retailPrice'": 332000, '"listingPrice'": 282000}","{'"quantity'": 39}","{'"sizes'": ['"28'", '"30'", '"32'", '"34'", '"36'"], '"colors'": ['"xanh'", '"đen'", '"xám'", '"be'"], '"materials'": ['"cotton'", '"denim'", '"spandex'"], '"specifications'": {'"fit'": '"regular'", '"material'": '"cotton/denim'", '"thickness'": '"vừa'"}}",PHYSICAL,PUBLISHED,APPROVED,"{quần,bền,thoáng}",t,f,f,0.84,"{'"unit'": '"cm'", '"width'": 35, '"height'": 2, '"length'": 101}","{'"keywords'": ['"quần'", '"jeans'", '"kaki'", '"jogger'", '"shorts'"], '"metaTitle'": '"Quần chất lượng 14'", '"metaDescription'": '"Thoáng, bền, dễ phối'"}",2025-10-13 15:41:12.282244,2025-10-13 15:41:12.282244,2025-10-13 15:41:12.282244,aaaaaaaa-aaaa-aaaa-aaaa-aaaaaaaaaaaa,
58970088-bd48-4fa9-bf4e-757c2baaac0a,44444444-4444-4444-4444-444444444444,Quần short thoáng mát 15,"Quần short cotton/denim nhẹ, thoáng mát mùa hè, đường may gọn sắc. Dễ phối áo thun hoặc sơ mi linen. Sợi vải được chọn lọc, kiểm thử co rút và bền màu.",Quần short nhẹ thoáng,PANT-SHORT-015,Quần short,"{'"currency'": '"VND'", '"retailPrice'": 335000, '"listingPrice'": 285000}","{'"quantity'": 40}","{'"sizes'": ['"28'", '"30'", '"32'", '"34'", '"36'"], '"colors'": ['"xanh'", '"đen'", '"xám'", '"be'"], '"materials'": ['"cotton'", '"denim'", '"spandex'"], '"specifications'": {'"fit'": '"regular'", '"material'": '"cotton/denim'", '"thickness'": '"mỏng'"}}",PHYSICAL,PUBLISHED,APPROVED,"{quần,bền,thoáng}",t,f,f,0.60,"{'"unit'": '"cm'", '"width'": 37, '"height'": 2, '"length'": 95}","{'"keywords'": ['"quần'", '"jeans'", '"kaki'", '"jogger'", '"shorts'"], '"metaTitle'": '"Quần chất lượng 15'", '"metaDescription'": '"Thoáng, bền, dễ phối'"}",2025-10-13 15:41:12.282244,2025-10-13 15:41:12.282244,2025-10-13 15:41:12.282244,aaaaaaaa-aaaa-aaaa-aaaa-aaaaaaaaaaaa,
33a47a28-9dbe-452e-931f-419a3c92d86f,44444444-4444-4444-4444-444444444444,Quần jean denim bền 16,"Quần jean denim dày vừa, co giãn nhẹ, form slim-straight, bền màu sau nhiều lần giặt. Độ dài tiêu chuẩn, phù hợp đi làm, đi chơi. Sợi vải được chọn lọc, kiểm thử co rút và bền màu.","Quần jean bền, form đẹp",PANT-JEANS-016,Quần jean,"{'"currency'": '"VND'", '"retailPrice'": 338000, '"listingPrice'": 288000}","{'"quantity'": 41}","{'"sizes'": ['"28'", '"30'", '"32'", '"34'", '"36'"], '"colors'": ['"xanh'", '"đen'", '"xám'", '"be'"], '"materials'": ['"cotton'", '"denim'", '"spandex'"], '"specifications'": {'"fit'": '"regular'", '"material'": '"cotton/denim'", '"thickness'": '"dày'"}}",PHYSICAL,PUBLISHED,APPROVED,"{quần,bền,thoáng}",t,t,f,0.66,"{'"unit'": '"cm'", '"width'": 35, '"height'": 2, '"length'": 98}","{'"keywords'": ['"quần'", '"jeans'", '"kaki'", '"jogger'", '"shorts'"], '"metaTitle'": '"Quần chất lượng 16'", '"metaDescription'": '"Thoáng, bền, dễ phối'"}",2025-10-13 15:41:12.282244,2025-10-13 15:41:12.282244,2025-10-13 15:41:12.282244,aaaaaaaa-aaaa-aaaa-aaaa-aaaaaaaaaaaa,
c38b1cd6-daa0-40e7-a157-dddaf03b8c15,44444444-4444-4444-4444-444444444444,Quần kaki cotton dày 17,"Quần kaki cotton dày vừa, bề mặt mịn, nếp ly ổn định, túi chéo tiện dụng. Phối áo sơ mi/áo thun đều đẹp. Sợi vải được chọn lọc, kiểm thử co rút và bền màu.",Quần kaki đứng form,PANT-CHINO-017,Quần kaki,"{'"currency'": '"VND'", '"retailPrice'": 341000, '"listingPrice'": 291000}","{'"quantity'": 42}","{'"sizes'": ['"28'", '"30'", '"32'", '"34'", '"36'"], '"colors'": ['"xanh'", '"đen'", '"xám'", '"be'"], '"materials'": ['"cotton'", '"denim'", '"spandex'"], '"specifications'": {'"fit'": '"regular'", '"material'": '"cotton/denim'", '"thickness'": '"vừa'"}}",PHYSICAL,PUBLISHED,APPROVED,"{quần,bền,thoáng}",t,f,f,0.72,"{'"unit'": '"cm'", '"width'": 37, '"height'": 2, '"length'": 101}","{'"keywords'": ['"quần'", '"jeans'", '"kaki'", '"jogger'", '"shorts'"], '"metaTitle'": '"Quần chất lượng 17'", '"metaDescription'": '"Thoáng, bền, dễ phối'"}",2025-10-13 15:41:12.282244,2025-10-13 15:41:12.282244,2025-10-13 15:41:12.282244,aaaaaaaa-aaaa-aaaa-aaaa-aaaaaaaaaaaa,
1f918b65-3858-4db9-907f-a9b40dcbda27,44444444-4444-4444-4444-444444444444,Quần jogger co giãn 18,"Quần jogger thun bo gấu, vải cotton blend co giãn, nhẹ và thoáng. Dây rút chắc, phù hợp vận động và di chuyển nhiều. Sợi vải được chọn lọc, kiểm thử co rút và bền màu.",Quần jogger thoải mái,PANT-JOGG-018,Quần jogger,"{'"currency'": '"VND'", '"retailPrice'": 344000, '"listingPrice'": 294000}","{'"quantity'": 43}","{'"sizes'": ['"28'", '"30'", '"32'", '"34'", '"36'"], '"colors'": ['"xanh'", '"đen'", '"xám'", '"be'"], '"materials'": ['"cotton'", '"denim'", '"spandex'"], '"specifications'": {'"fit'": '"regular'", '"material'": '"cotton/denim'", '"thickness'": '"vừa'"}}",PHYSICAL,PUBLISHED,APPROVED,"{quần,bền,thoáng}",t,f,f,0.78,"{'"unit'": '"cm'", '"width'": 35, '"height'": 2, '"length'": 95}","{'"keywords'": ['"quần'", '"jeans'", '"kaki'", '"jogger'", '"shorts'"], '"metaTitle'": '"Quần chất lượng 18'", '"metaDescription'": '"Thoáng, bền, dễ phối'"}",2025-10-13 15:41:12.282244,2025-10-13 15:41:12.282244,2025-10-13 15:41:12.282244,aaaaaaaa-aaaa-aaaa-aaaa-aaaaaaaaaaaa,
8092d1d7-277d-4cd8-9d52-8300b8213dac,44444444-4444-4444-4444-444444444444,Quần short thoáng mát 19,"Quần short cotton/denim nhẹ, thoáng mát mùa hè, đường may gọn sắc. Dễ phối áo thun hoặc sơ mi linen. Sợi vải được chọn lọc, kiểm thử co rút và bền màu.",Quần short nhẹ thoáng,PANT-SHORT-019,Quần short,"{'"currency'": '"VND'", '"retailPrice'": 347000, '"listingPrice'": 297000}","{'"quantity'": 44}","{'"sizes'": ['"28'", '"30'", '"32'", '"34'", '"36'"], '"colors'": ['"xanh'", '"đen'", '"xám'", '"be'"], '"materials'": ['"cotton'", '"denim'", '"spandex'"], '"specifications'": {'"fit'": '"regular'", '"material'": '"cotton/denim'", '"thickness'": '"mỏng'"}}",PHYSICAL,PUBLISHED,APPROVED,"{quần,bền,thoáng}",t,f,f,0.84,"{'"unit'": '"cm'", '"width'": 37, '"height'": 2, '"length'": 98}","{'"keywords'": ['"quần'", '"jeans'", '"kaki'", '"jogger'", '"shorts'"], '"metaTitle'": '"Quần chất lượng 19'", '"metaDescription'": '"Thoáng, bền, dễ phối'"}",2025-10-13 15:41:12.282244,2025-10-13 15:41:12.282244,2025-10-13 15:41:12.282244,aaaaaaaa-aaaa-aaaa-aaaa-aaaaaaaaaaaa,
08a9b005-0081-4513-9981-fa2df96ae3c4,44444444-4444-4444-4444-444444444444,Quần jean denim bền 20,"Quần jean denim dày vừa, co giãn nhẹ, form slim-straight, bền màu sau nhiều lần giặt. Độ dài tiêu chuẩn, phù hợp đi làm, đi chơi. Sợi vải được chọn lọc, kiểm thử co rút và bền màu.","Quần jean bền, form đẹp",PANT-JEANS-020,Quần jean,"{'"currency'": '"VND'", '"retailPrice'": 350000, '"listingPrice'": 300000}","{'"quantity'": 45}","{'"sizes'": ['"28'", '"30'", '"32'", '"34'", '"36'"], '"colors'": ['"xanh'", '"đen'", '"xám'", '"be'"], '"materials'": ['"cotton'", '"denim'", '"spandex'"], '"specifications'": {'"fit'": '"regular'", '"material'": '"cotton/denim'", '"thickness'": '"dày'"}}",PHYSICAL,PUBLISHED,APPROVED,"{quần,bền,thoáng}",t,t,f,0.60,"{'"unit'": '"cm'", '"width'": 35, '"height'": 2, '"length'": 101}","{'"keywords'": ['"quần'", '"jeans'", '"kaki'", '"jogger'", '"shorts'"], '"metaTitle'": '"Quần chất lượng 20'", '"metaDescription'": '"Thoáng, bền, dễ phối'"}",2025-10-13 15:41:12.282244,2025-10-13 15:41:12.282244,2025-10-13 15:41:12.282244,aaaaaaaa-aaaa-aaaa-aaaa-aaaaaaaaaaaa,
076a11c2-1543-469a-9795-5d0431db86f5,44444444-4444-4444-4444-444444444444,Giày leo núi chống nước TrailGuard 07,"Giày leo núi cổ mid, màng chống nước breathable, mũi bọc cao su chống đá văng. Gai đế sâu bám tốt trên địa hình đất ẩm, sỏi, trekking cuối tuần. Thông số cốt lõi: upper bền, đường may chắc, cổ giày ôm chân vừa vặn, hỗ trợ cả ngày dài.","Giày leo núi chống nước, bám tốt",SHOES-HIKE-007,Giày leo núi,"{'"currency'": '"VND'", '"retailPrice'": 835000, '"listingPrice'": 735000}","{'"quantity'": 27}","{'"sizes'": ['"39'", '"40'", '"41'", '"42'", '"43'"], '"colors'": ['"đen'", '"trắng'", '"xám'", '"xanh'"], '"materials'": ['"cao su'", '"EVA'", '"PU'"], '"specifications'": {'"drop'": '"10mm'", '"upper'": '"synthetic + textile'", '"midsole'": '"EVA'", '"outsole'": '"cao su chống mài mòn'"}}",PHYSICAL,PUBLISHED,APPROVED,"{giày,'"thoải mái'",'"bám tốt'"}",t,t,f,0.70,"{'"unit'": '"cm'", '"width'": 20, '"height'": 12, '"length'": 31}","{'"keywords'": ['"giày'", '"đế cao su'", '"êm'"], '"metaTitle'": '"Giày chất lượng 07'", '"metaDescription'": '"Sản phẩm bền bỉ cho nhu cầu sử dụng hằng ngày'"}",2025-10-13 15:41:12.282244,2025-10-13 15:41:12.282244,2025-10-13 15:41:12.282244,aaaaaaaa-aaaa-aaaa-aaaa-aaaaaaaaaaaa,
0ad215bc-0c04-4698-ba23-bc8f27bb6ec6,44444444-4444-4444-4444-444444444444,Giày leo núi chống nước TrailGuard 19,"Giày leo núi cổ mid, màng chống nước breathable, mũi bọc cao su chống đá văng. Gai đế sâu bám tốt trên địa hình đất ẩm, sỏi, trekking cuối tuần. Thông số cốt lõi: upper bền, đường may chắc, cổ giày ôm chân vừa vặn, hỗ trợ cả ngày dài.","Giày leo núi chống nước, bám tốt",SHOES-HIKE-019,Giày leo núi,"{'"currency'": '"VND'", '"retailPrice'": 895000, '"listingPrice'": 795000}","{'"quantity'": 39}","{'"sizes'": ['"39'", '"40'", '"41'", '"42'", '"43'"], '"colors'": ['"đen'", '"trắng'", '"xám'", '"xanh'"], '"materials'": ['"cao su'", '"EVA'", '"PU'"], '"specifications'": {'"drop'": '"10mm'", '"upper'": '"synthetic + textile'", '"midsole'": '"EVA'", '"outsole'": '"cao su chống mài mòn'"}}",PHYSICAL,PUBLISHED,APPROVED,"{giày,'"thoải mái'",'"bám tốt'"}",t,f,f,0.80,"{'"unit'": '"cm'", '"width'": 20, '"height'": 12, '"length'": 31}","{'"keywords'": ['"giày'", '"đế cao su'", '"êm'"], '"metaTitle'": '"Giày chất lượng 19'", '"metaDescription'": '"Sản phẩm bền bỉ cho nhu cầu sử dụng hằng ngày'"}",2025-10-13 15:41:12.282244,2025-10-13 15:41:12.282244,2025-10-13 15:41:12.282244,aaaaaaaa-aaaa-aaaa-aaaa-aaaaaaaaaaaa,
0bc1eb94-1388-4ded-913e-bb7b2246803e,44444444-4444-4444-4444-444444444444,Nón len beanie ấm áp 02,"Nón len beanie dệt gân co giãn, phủ tai giữ ấm, sợi acrylic pha cotton hạn chế ngứa. Kiểu dáng tối giản phù hợp áo khoác dạ, hoodie trong mùa lạnh. Chất liệu bền, đường may tỉ mỉ, thiết kế nhấn mạnh công năng và thẩm mỹ.","Nón len beanie ấm, co giãn",HAT-BEAN-002,Nón len,"{'"currency'": '"VND'", '"retailPrice'": 184000, '"listingPrice'": 144000}","{'"quantity'": 42}","{'"sizes'": ['"free size'", '"M'", '"L'"], '"colors'": ['"đen'", '"be'", '"xanh rêu'", '"xám'"], '"materials'": ['"cotton'", '"acrylic'", '"wool felt'"], '"specifications'": {'"care'": '"giặt tay nhẹ'", '"fabric'": '"cotton/dạ'", '"feature'": '"thoáng khí/giữ ấm'"}}",PHYSICAL,PUBLISHED,APPROVED,"{nón,'"che nắng'",'"giữ ấm'"}",t,f,f,0.16,"{'"unit'": '"cm'", '"width'": 22, '"height'": 12, '"length'": 22}","{'"keywords'": ['"nón'", '"mũ'", '"thời trang'"], '"metaTitle'": '"Mũ/Nón chất lượng 02'", '"metaDescription'": '"Bền, nhẹ, thoáng khí'"}",2025-10-13 15:41:12.282244,2025-10-13 15:41:12.282244,2025-10-13 15:41:12.282244,aaaaaaaa-aaaa-aaaa-aaaa-aaaaaaaaaaaa,
192d1df8-3dd1-40ab-929e-da11f2f97119,44444444-4444-4444-4444-444444444444,Mũ fedora dạ Classic 03,"Mũ fedora chất liệu dạ mềm, vành trung bình giữ phom, dải ruy băng satin tinh tế. Viền mồ hôi thấm hút, đội thoải mái, phù hợp dạo phố và sự kiện. Chất liệu bền, đường may tỉ mỉ, thiết kế nhấn mạnh công năng và thẩm mỹ.","Mũ fedora dạ, lịch lãm",HAT-FEDO-003,Mũ fedora,"{'"currency'": '"VND'", '"retailPrice'": 186000, '"listingPrice'": 146000}","{'"quantity'": 43}","{'"sizes'": ['"free size'", '"M'", '"L'"], '"colors'": ['"đen'", '"be'", '"xanh rêu'", '"xám'"], '"materials'": ['"cotton'", '"acrylic'", '"wool felt'"], '"specifications'": {'"care'": '"giặt tay nhẹ'", '"fabric'": '"cotton/dạ'", '"feature'": '"thoáng khí/giữ ấm'"}}",PHYSICAL,PUBLISHED,APPROVED,"{nón,'"che nắng'",'"giữ ấm'"}",t,f,f,0.18,"{'"unit'": '"cm'", '"width'": 22, '"height'": 12, '"length'": 22}","{'"keywords'": ['"nón'", '"mũ'", '"thời trang'"], '"metaTitle'": '"Mũ/Nón chất lượng 03'", '"metaDescription'": '"Bền, nhẹ, thoáng khí'"}",2025-10-13 15:41:12.282244,2025-10-13 15:41:12.282244,2025-10-13 15:41:12.282244,aaaaaaaa-aaaa-aaaa-aaaa-aaaaaaaaaaaa,
224d1eb8-cb07-4b9f-8ab4-5f7daa4bc895,44444444-4444-4444-4444-444444444444,Nón lưỡi trai Classic Fit 12,"Nón lưỡi trai vành cong che nắng tốt, vải twill dày dặn ít nhăn, thấm hút mồ hôi. Khóa gài kim loại sau nón dễ tùy chỉnh, logo thêu nổi tinh tế, phù hợp chạy bộ nhẹ và mang hằng ngày. Chất liệu bền, đường may tỉ mỉ, thiết kế nhấn mạnh công năng và thẩm mỹ.","Nón lưỡi trai vành cong, logo thêu",HAT-CAP-012,Nón lưỡi trai,"{'"currency'": '"VND'", '"retailPrice'": 204000, '"listingPrice'": 164000}","{'"quantity'": 52}","{'"sizes'": ['"free size'", '"M'", '"L'"], '"colors'": ['"đen'", '"be'", '"xanh rêu'", '"xám'"], '"materials'": ['"cotton'", '"acrylic'", '"wool felt'"], '"specifications'": {'"care'": '"giặt tay nhẹ'", '"fabric'": '"cotton/dạ'", '"feature'": '"thoáng khí/giữ ấm'"}}",PHYSICAL,PUBLISHED,APPROVED,"{nón,'"che nắng'",'"giữ ấm'"}",t,t,f,0.12,"{'"unit'": '"cm'", '"width'": 22, '"height'": 12, '"length'": 22}","{'"keywords'": ['"nón'", '"mũ'", '"thời trang'"], '"metaTitle'": '"Mũ/Nón chất lượng 12'", '"metaDescription'": '"Bền, nhẹ, thoáng khí'"}",2025-10-13 15:41:12.282244,2025-10-13 15:41:12.282244,2025-10-13 15:41:12.282244,aaaaaaaa-aaaa-aaaa-aaaa-aaaaaaaaaaaa,
263f6590-4342-4e12-a2b6-204d9db23616,44444444-4444-4444-4444-444444444444,Nón lưỡi trai Classic Fit 04,"Nón lưỡi trai vành cong che nắng tốt, vải twill dày dặn ít nhăn, thấm hút mồ hôi. Khóa gài kim loại sau nón dễ tùy chỉnh, logo thêu nổi tinh tế, phù hợp chạy bộ nhẹ và mang hằng ngày. Chất liệu bền, đường may tỉ mỉ, thiết kế nhấn mạnh công năng và thẩm mỹ.","Nón lưỡi trai vành cong, logo thêu",HAT-CAP-004,Nón lưỡi trai,"{'"currency'": '"VND'", '"retailPrice'": 188000, '"listingPrice'": 148000}","{'"quantity'": 44}","{'"sizes'": ['"free size'", '"M'", '"L'"], '"colors'": ['"đen'", '"be'", '"xanh rêu'", '"xám'"], '"materials'": ['"cotton'", '"acrylic'", '"wool felt'"], '"specifications'": {'"care'": '"giặt tay nhẹ'", '"fabric'": '"cotton/dạ'", '"feature'": '"thoáng khí/giữ ấm'"}}",PHYSICAL,PUBLISHED,APPROVED,"{nón,'"che nắng'",'"giữ ấm'"}",t,f,f,0.12,"{'"unit'": '"cm'", '"width'": 22, '"height'": 12, '"length'": 22}","{'"keywords'": ['"nón'", '"mũ'", '"thời trang'"], '"metaTitle'": '"Mũ/Nón chất lượng 04'", '"metaDescription'": '"Bền, nhẹ, thoáng khí'"}",2025-10-13 15:41:12.282244,2025-10-13 15:41:12.282244,2025-10-13 15:41:12.282244,aaaaaaaa-aaaa-aaaa-aaaa-aaaaaaaaaaaa,
2781fe8b-9440-467b-8a22-4695ca725c05,44444444-4444-4444-4444-444444444444,Mũ bucket Daily Bucket 17,"Mũ bucket canvas mềm, có lỗ thoáng khí xung quanh, gập gọn dễ mang theo. Vành rộng vừa, đường may chắc chắn giữ phom ổn định, phong cách tối giản dễ phối đồ. Chất liệu bền, đường may tỉ mỉ, thiết kế nhấn mạnh công năng và thẩm mỹ.","Mũ bucket canvas, gập gọn",HAT-BUCK-017,Mũ bucket,"{'"currency'": '"VND'", '"retailPrice'": 214000, '"listingPrice'": 174000}","{'"quantity'": 57}","{'"sizes'": ['"free size'", '"M'", '"L'"], '"colors'": ['"đen'", '"be'", '"xanh rêu'", '"xám'"], '"materials'": ['"cotton'", '"acrylic'", '"wool felt'"], '"specifications'": {'"care'": '"giặt tay nhẹ'", '"fabric'": '"cotton/dạ'", '"feature'": '"thoáng khí/giữ ấm'"}}",PHYSICAL,PUBLISHED,APPROVED,"{nón,'"che nắng'",'"giữ ấm'"}",t,f,f,0.14,"{'"unit'": '"cm'", '"width'": 22, '"height'": 12, '"length'": 22}","{'"keywords'": ['"nón'", '"mũ'", '"thời trang'"], '"metaTitle'": '"Mũ/Nón chất lượng 17'", '"metaDescription'": '"Bền, nhẹ, thoáng khí'"}",2025-10-13 15:41:12.282244,2025-10-13 15:41:12.282244,2025-10-13 15:41:12.282244,aaaaaaaa-aaaa-aaaa-aaaa-aaaaaaaaaaaa,
2b003739-b4fa-4c1f-8098-fc9ac0a70383,44444444-4444-4444-4444-444444444444,Sneaker Street Classic 17,"Sneaker phong cách tối giản, upper da PU dễ vệ sinh, lót memory foam êm ái, đế cao su lưu hóa bám đường. Dễ phối với quần jean, chinos, hay short để đi làm, đi chơi. Thông số cốt lõi: upper bền, đường may chắc, cổ giày ôm chân vừa vặn, hỗ trợ cả ngày dài.","Sneaker tối giản, dễ phối đồ",SHOES-LIFE-017,Giày sneaker,"{'"currency'": '"VND'", '"retailPrice'": 885000, '"listingPrice'": 785000}","{'"quantity'": 37}","{'"sizes'": ['"39'", '"40'", '"41'", '"42'", '"43'"], '"colors'": ['"đen'", '"trắng'", '"xám'", '"xanh'"], '"materials'": ['"cao su'", '"EVA'", '"PU'"], '"specifications'": {'"drop'": '"10mm'", '"upper'": '"da PU'", '"midsole'": '"memory foam'", '"outsole'": '"cao su chống mài mòn'"}}",PHYSICAL,PUBLISHED,APPROVED,"{giày,'"thoải mái'",'"bám tốt'"}",t,f,f,0.70,"{'"unit'": '"cm'", '"width'": 20, '"height'": 12, '"length'": 32}","{'"keywords'": ['"giày'", '"đế cao su'", '"êm'"], '"metaTitle'": '"Giày chất lượng 17'", '"metaDescription'": '"Sản phẩm bền bỉ cho nhu cầu sử dụng hằng ngày'"}",2025-10-13 15:41:12.282244,2025-10-13 15:41:12.282244,2025-10-13 15:41:12.282244,aaaaaaaa-aaaa-aaaa-aaaa-aaaaaaaaaaaa,
30c59324-e03e-4fd6-a873-0f2fa4bf3895,44444444-4444-4444-4444-444444444444,Giày tây da Oxford Formal 10,"Giày tây Oxford dáng cap-toe, da PU hạt mịn, form đứng lịch lãm. Lót microfiber thoáng khí, đế cao su tổng hợp chống trượt, phù hợp môi trường công sở và sự kiện. Thông số cốt lõi: upper bền, đường may chắc, cổ giày ôm chân vừa vặn, hỗ trợ cả ngày dài.",Giày tây lịch lãm,SHOES-OXF-010,Giày tây,"{'"currency'": '"VND'", '"retailPrice'": 850000, '"listingPrice'": 750000}","{'"quantity'": 30}","{'"sizes'": ['"39'", '"40'", '"41'", '"42'", '"43'"], '"colors'": ['"đen'", '"trắng'", '"xám'", '"xanh'"], '"materials'": ['"cao su'", '"EVA'", '"PU'"], '"specifications'": {'"drop'": '"10mm'", '"upper'": '"da PU hạt mịn'", '"midsole'": '"foam'", '"outsole'": '"cao su chống mài mòn'"}}",PHYSICAL,PUBLISHED,APPROVED,"{giày,'"thoải mái'",'"bám tốt'"}",t,f,f,0.60,"{'"unit'": '"cm'", '"width'": 19, '"height'": 11, '"length'": 31}","{'"keywords'": ['"giày'", '"đế cao su'", '"êm'"], '"metaTitle'": '"Giày chất lượng 10'", '"metaDescription'": '"Sản phẩm bền bỉ cho nhu cầu sử dụng hằng ngày'"}",2025-10-13 15:41:12.282244,2025-10-13 15:41:12.282244,2025-10-13 15:41:12.282244,aaaaaaaa-aaaa-aaaa-aaaa-aaaaaaaaaaaa,
32f5af36-067b-4ee7-a406-a4c91eea78d6,44444444-4444-4444-4444-444444444444,Giày leo núi chống nước TrailGuard 11,"Giày leo núi cổ mid, màng chống nước breathable, mũi bọc cao su chống đá văng. Gai đế sâu bám tốt trên địa hình đất ẩm, sỏi, trekking cuối tuần. Thông số cốt lõi: upper bền, đường may chắc, cổ giày ôm chân vừa vặn, hỗ trợ cả ngày dài.","Giày leo núi chống nước, bám tốt",SHOES-HIKE-011,Giày leo núi,"{'"currency'": '"VND'", '"retailPrice'": 855000, '"listingPrice'": 755000}","{'"quantity'": 31}","{'"sizes'": ['"39'", '"40'", '"41'", '"42'", '"43'"], '"colors'": ['"đen'", '"trắng'", '"xám'", '"xanh'"], '"materials'": ['"cao su'", '"EVA'", '"PU'"], '"specifications'": {'"drop'": '"10mm'", '"upper'": '"synthetic + textile'", '"midsole'": '"EVA'", '"outsole'": '"cao su chống mài mòn'"}}",PHYSICAL,PUBLISHED,APPROVED,"{giày,'"thoải mái'",'"bám tốt'"}",t,f,f,0.65,"{'"unit'": '"cm'", '"width'": 20, '"height'": 12, '"length'": 32}","{'"keywords'": ['"giày'", '"đế cao su'", '"êm'"], '"metaTitle'": '"Giày chất lượng 11'", '"metaDescription'": '"Sản phẩm bền bỉ cho nhu cầu sử dụng hằng ngày'"}",2025-10-13 15:41:12.282244,2025-10-13 15:41:12.282244,2025-10-13 15:41:12.282244,aaaaaaaa-aaaa-aaaa-aaaa-aaaaaaaaaaaa,
38481bc9-a938-417d-887e-8ec193612b35,44444444-4444-4444-4444-444444444444,Mũ bucket Daily Bucket 05,"Mũ bucket canvas mềm, có lỗ thoáng khí xung quanh, gập gọn dễ mang theo. Vành rộng vừa, đường may chắc chắn giữ phom ổn định, phong cách tối giản dễ phối đồ. Chất liệu bền, đường may tỉ mỉ, thiết kế nhấn mạnh công năng và thẩm mỹ.","Mũ bucket canvas, gập gọn",HAT-BUCK-005,Mũ bucket,"{'"currency'": '"VND'", '"retailPrice'": 190000, '"listingPrice'": 150000}","{'"quantity'": 45}","{'"sizes'": ['"free size'", '"M'", '"L'"], '"colors'": ['"đen'", '"be'", '"xanh rêu'", '"xám'"], '"materials'": ['"cotton'", '"acrylic'", '"wool felt'"], '"specifications'": {'"care'": '"giặt tay nhẹ'", '"fabric'": '"cotton/dạ'", '"feature'": '"thoáng khí/giữ ấm'"}}",PHYSICAL,PUBLISHED,APPROVED,"{nón,'"che nắng'",'"giữ ấm'"}",t,f,f,0.14,"{'"unit'": '"cm'", '"width'": 22, '"height'": 12, '"length'": 22}","{'"keywords'": ['"nón'", '"mũ'", '"thời trang'"], '"metaTitle'": '"Mũ/Nón chất lượng 05'", '"metaDescription'": '"Bền, nhẹ, thoáng khí'"}",2025-10-13 15:41:12.282244,2025-10-13 15:41:12.282244,2025-10-13 15:41:12.282244,aaaaaaaa-aaaa-aaaa-aaaa-aaaaaaaaaaaa,
391b2a44-f90e-4c7a-b315-6a76d3f6a439,44444444-4444-4444-4444-444444444444,Nón len beanie ấm áp 14,"Nón len beanie dệt gân co giãn, phủ tai giữ ấm, sợi acrylic pha cotton hạn chế ngứa. Kiểu dáng tối giản phù hợp áo khoác dạ, hoodie trong mùa lạnh. Chất liệu bền, đường may tỉ mỉ, thiết kế nhấn mạnh công năng và thẩm mỹ.","Nón len beanie ấm, co giãn",HAT-BEAN-014,Nón len,"{'"currency'": '"VND'", '"retailPrice'": 208000, '"listingPrice'": 168000}","{'"quantity'": 54}","{'"sizes'": ['"free size'", '"M'", '"L'"], '"colors'": ['"đen'", '"be'", '"xanh rêu'", '"xám'"], '"materials'": ['"cotton'", '"acrylic'", '"wool felt'"], '"specifications'": {'"care'": '"giặt tay nhẹ'", '"fabric'": '"cotton/dạ'", '"feature'": '"thoáng khí/giữ ấm'"}}",PHYSICAL,PUBLISHED,APPROVED,"{nón,'"che nắng'",'"giữ ấm'"}",t,f,f,0.16,"{'"unit'": '"cm'", '"width'": 22, '"height'": 12, '"length'": 22}","{'"keywords'": ['"nón'", '"mũ'", '"thời trang'"], '"metaTitle'": '"Mũ/Nón chất lượng 14'", '"metaDescription'": '"Bền, nhẹ, thoáng khí'"}",2025-10-13 15:41:12.282244,2025-10-13 15:41:12.282244,2025-10-13 15:41:12.282244,aaaaaaaa-aaaa-aaaa-aaaa-aaaaaaaaaaaa,
3c886c1b-b4e5-4847-8910-8321ca6eb7a5,44444444-4444-4444-4444-444444444444,Nón lưỡi trai Classic Fit 08,"Nón lưỡi trai vành cong che nắng tốt, vải twill dày dặn ít nhăn, thấm hút mồ hôi. Khóa gài kim loại sau nón dễ tùy chỉnh, logo thêu nổi tinh tế, phù hợp chạy bộ nhẹ và mang hằng ngày. Chất liệu bền, đường may tỉ mỉ, thiết kế nhấn mạnh công năng và thẩm mỹ.","Nón lưỡi trai vành cong, logo thêu",HAT-CAP-008,Nón lưỡi trai,"{'"currency'": '"VND'", '"retailPrice'": 196000, '"listingPrice'": 156000}","{'"quantity'": 48}","{'"sizes'": ['"free size'", '"M'", '"L'"], '"colors'": ['"đen'", '"be'", '"xanh rêu'", '"xám'"], '"materials'": ['"cotton'", '"acrylic'", '"wool felt'"], '"specifications'": {'"care'": '"giặt tay nhẹ'", '"fabric'": '"cotton/dạ'", '"feature'": '"thoáng khí/giữ ấm'"}}",PHYSICAL,PUBLISHED,APPROVED,"{nón,'"che nắng'",'"giữ ấm'"}",t,f,f,0.12,"{'"unit'": '"cm'", '"width'": 22, '"height'": 12, '"length'": 22}","{'"keywords'": ['"nón'", '"mũ'", '"thời trang'"], '"metaTitle'": '"Mũ/Nón chất lượng 08'", '"metaDescription'": '"Bền, nhẹ, thoáng khí'"}",2025-10-13 15:41:12.282244,2025-10-13 15:41:12.282244,2025-10-13 15:41:12.282244,aaaaaaaa-aaaa-aaaa-aaaa-aaaaaaaaaaaa,
3fe6c0a7-f794-4585-9d0e-28ebcb6df89a,44444444-4444-4444-4444-444444444444,Giày chạy bộ đệm khí ProRun 08,"Giày chạy bộ với đệm khí đa lớp và midsole EVA phản hồi lực tốt. Thân lưới kỹ thuật thoáng khí, khô nhanh khi chạy đường dài. Gót TPU ổn định, dây dẹt chống tuột. Phù hợp luyện tập hằng ngày và các giải 5K/10K. Thông số cốt lõi: upper bền, đường may chắc, cổ giày ôm chân vừa vặn, hỗ trợ cả ngày dài.",Giày chạy bộ êm và thoáng,SHOES-RUN-008,Giày chạy bộ,"{'"currency'": '"VND'", '"retailPrice'": 840000, '"listingPrice'": 740000}","{'"quantity'": 28}","{'"sizes'": ['"39'", '"40'", '"41'", '"42'", '"43'"], '"colors'": ['"đen'", '"trắng'", '"xám'", '"xanh'"], '"materials'": ['"cao su'", '"EVA'", '"PU'"], '"specifications'": {'"drop'": '"8mm'", '"upper'": '"mesh'", '"midsole'": '"EVA + đệm khí'", '"outsole'": '"cao su chống mài mòn'"}}",PHYSICAL,PUBLISHED,APPROVED,"{giày,'"thoải mái'",'"bám tốt'"}",t,f,f,0.75,"{'"unit'": '"cm'", '"width'": 19, '"height'": 11, '"length'": 32}","{'"keywords'": ['"giày'", '"đế cao su'", '"êm'"], '"metaTitle'": '"Giày chất lượng 08'", '"metaDescription'": '"Sản phẩm bền bỉ cho nhu cầu sử dụng hằng ngày'"}",2025-10-13 15:41:12.282244,2025-10-13 15:41:12.282244,2025-10-13 15:41:12.282244,aaaaaaaa-aaaa-aaaa-aaaa-aaaaaaaaaaaa,
46e5c701-7b8b-4f4d-bbea-f52aa85c8999,44444444-4444-4444-4444-444444444444,Mũ bucket Daily Bucket 01,"Mũ bucket canvas mềm, có lỗ thoáng khí xung quanh, gập gọn dễ mang theo. Vành rộng vừa, đường may chắc chắn giữ phom ổn định, phong cách tối giản dễ phối đồ. Chất liệu bền, đường may tỉ mỉ, thiết kế nhấn mạnh công năng và thẩm mỹ.","Mũ bucket canvas, gập gọn",HAT-BUCK-001,Mũ bucket,"{'"currency'": '"VND'", '"retailPrice'": 182000, '"listingPrice'": 142000}","{'"quantity'": 41}","{'"sizes'": ['"free size'", '"M'", '"L'"], '"colors'": ['"đen'", '"be'", '"xanh rêu'", '"xám'"], '"materials'": ['"cotton'", '"acrylic'", '"wool felt'"], '"specifications'": {'"care'": '"giặt tay nhẹ'", '"fabric'": '"cotton/dạ'", '"feature'": '"thoáng khí/giữ ấm'"}}",PHYSICAL,PUBLISHED,APPROVED,"{nón,'"che nắng'",'"giữ ấm'"}",t,f,f,0.14,"{'"unit'": '"cm'", '"width'": 22, '"height'": 12, '"length'": 22}","{'"keywords'": ['"nón'", '"mũ'", '"thời trang'"], '"metaTitle'": '"Mũ/Nón chất lượng 01'", '"metaDescription'": '"Bền, nhẹ, thoáng khí'"}",2025-10-13 15:41:12.282244,2025-10-13 15:41:12.282244,2025-10-13 15:41:12.282244,aaaaaaaa-aaaa-aaaa-aaaa-aaaaaaaaaaaa,
492ba088-1919-4552-a286-777a4aa9254b,44444444-4444-4444-4444-444444444444,Sneaker Street Classic 05,"Sneaker phong cách tối giản, upper da PU dễ vệ sinh, lót memory foam êm ái, đế cao su lưu hóa bám đường. Dễ phối với quần jean, chinos, hay short để đi làm, đi chơi. Thông số cốt lõi: upper bền, đường may chắc, cổ giày ôm chân vừa vặn, hỗ trợ cả ngày dài.","Sneaker tối giản, dễ phối đồ",SHOES-LIFE-005,Giày sneaker,"{'"currency'": '"VND'", '"retailPrice'": 825000, '"listingPrice'": 725000}","{'"quantity'": 25}","{'"sizes'": ['"39'", '"40'", '"41'", '"42'", '"43'"], '"colors'": ['"đen'", '"trắng'", '"xám'", '"xanh'"], '"materials'": ['"cao su'", '"EVA'", '"PU'"], '"specifications'": {'"drop'": '"10mm'", '"upper'": '"da PU'", '"midsole'": '"memory foam'", '"outsole'": '"cao su chống mài mòn'"}}",PHYSICAL,PUBLISHED,APPROVED,"{giày,'"thoải mái'",'"bám tốt'"}",t,f,f,0.60,"{'"unit'": '"cm'", '"width'": 20, '"height'": 12, '"length'": 32}","{'"keywords'": ['"giày'", '"đế cao su'", '"êm'"], '"metaTitle'": '"Giày chất lượng 05'", '"metaDescription'": '"Sản phẩm bền bỉ cho nhu cầu sử dụng hằng ngày'"}",2025-10-13 15:41:12.282244,2025-10-13 15:41:12.282244,2025-10-13 15:41:12.282244,aaaaaaaa-aaaa-aaaa-aaaa-aaaaaaaaaaaa,
4a994197-94fa-4e72-84d0-d0df1691c7e8,44444444-4444-4444-4444-444444444444,Mũ bucket Daily Bucket 13,"Mũ bucket canvas mềm, có lỗ thoáng khí xung quanh, gập gọn dễ mang theo. Vành rộng vừa, đường may chắc chắn giữ phom ổn định, phong cách tối giản dễ phối đồ. Chất liệu bền, đường may tỉ mỉ, thiết kế nhấn mạnh công năng và thẩm mỹ.","Mũ bucket canvas, gập gọn",HAT-BUCK-013,Mũ bucket,"{'"currency'": '"VND'", '"retailPrice'": 206000, '"listingPrice'": 166000}","{'"quantity'": 53}","{'"sizes'": ['"free size'", '"M'", '"L'"], '"colors'": ['"đen'", '"be'", '"xanh rêu'", '"xám'"], '"materials'": ['"cotton'", '"acrylic'", '"wool felt'"], '"specifications'": {'"care'": '"giặt tay nhẹ'", '"fabric'": '"cotton/dạ'", '"feature'": '"thoáng khí/giữ ấm'"}}",PHYSICAL,PUBLISHED,APPROVED,"{nón,'"che nắng'",'"giữ ấm'"}",t,f,f,0.14,"{'"unit'": '"cm'", '"width'": 22, '"height'": 12, '"length'": 22}","{'"keywords'": ['"nón'", '"mũ'", '"thời trang'"], '"metaTitle'": '"Mũ/Nón chất lượng 13'", '"metaDescription'": '"Bền, nhẹ, thoáng khí'"}",2025-10-13 15:41:12.282244,2025-10-13 15:41:12.282244,2025-10-13 15:41:12.282244,aaaaaaaa-aaaa-aaaa-aaaa-aaaaaaaaaaaa,
4fd85616-6188-4550-8f57-191df3b76390,44444444-4444-4444-4444-444444444444,Giày tây da Oxford Formal 02,"Giày tây Oxford dáng cap-toe, da PU hạt mịn, form đứng lịch lãm. Lót microfiber thoáng khí, đế cao su tổng hợp chống trượt, phù hợp môi trường công sở và sự kiện. Thông số cốt lõi: upper bền, đường may chắc, cổ giày ôm chân vừa vặn, hỗ trợ cả ngày dài.",Giày tây lịch lãm,SHOES-OXF-002,Giày tây,"{'"currency'": '"VND'", '"retailPrice'": 810000, '"listingPrice'": 710000}","{'"quantity'": 22}","{'"sizes'": ['"39'", '"40'", '"41'", '"42'", '"43'"], '"colors'": ['"đen'", '"trắng'", '"xám'", '"xanh'"], '"materials'": ['"cao su'", '"EVA'", '"PU'"], '"specifications'": {'"drop'": '"10mm'", '"upper'": '"da PU hạt mịn'", '"midsole'": '"foam'", '"outsole'": '"cao su chống mài mòn'"}}",PHYSICAL,PUBLISHED,APPROVED,"{giày,'"thoải mái'",'"bám tốt'"}",t,f,f,0.70,"{'"unit'": '"cm'", '"width'": 19, '"height'": 11, '"length'": 32}","{'"keywords'": ['"giày'", '"đế cao su'", '"êm'"], '"metaTitle'": '"Giày chất lượng 02'", '"metaDescription'": '"Sản phẩm bền bỉ cho nhu cầu sử dụng hằng ngày'"}",2025-10-13 15:41:12.282244,2025-10-13 15:41:12.282244,2025-10-13 15:41:12.282244,aaaaaaaa-aaaa-aaaa-aaaa-aaaaaaaaaaaa,
73ad67e2-bcf3-46d0-9f51-a453998707ff,44444444-4444-4444-4444-444444444444,Mũ bucket Daily Bucket 09,"Mũ bucket canvas mềm, có lỗ thoáng khí xung quanh, gập gọn dễ mang theo. Vành rộng vừa, đường may chắc chắn giữ phom ổn định, phong cách tối giản dễ phối đồ. Chất liệu bền, đường may tỉ mỉ, thiết kế nhấn mạnh công năng và thẩm mỹ.","Mũ bucket canvas, gập gọn",HAT-BUCK-009,Mũ bucket,"{'"currency'": '"VND'", '"retailPrice'": 198000, '"listingPrice'": 158000}","{'"quantity'": 49}","{'"sizes'": ['"free size'", '"M'", '"L'"], '"colors'": ['"đen'", '"be'", '"xanh rêu'", '"xám'"], '"materials'": ['"cotton'", '"acrylic'", '"wool felt'"], '"specifications'": {'"care'": '"giặt tay nhẹ'", '"fabric'": '"cotton/dạ'", '"feature'": '"thoáng khí/giữ ấm'"}}",PHYSICAL,PUBLISHED,APPROVED,"{nón,'"che nắng'",'"giữ ấm'"}",t,f,f,0.14,"{'"unit'": '"cm'", '"width'": 22, '"height'": 12, '"length'": 22}","{'"keywords'": ['"nón'", '"mũ'", '"thời trang'"], '"metaTitle'": '"Mũ/Nón chất lượng 09'", '"metaDescription'": '"Bền, nhẹ, thoáng khí'"}",2025-10-13 15:41:12.282244,2025-10-13 15:41:12.282244,2025-10-13 15:41:12.282244,aaaaaaaa-aaaa-aaaa-aaaa-aaaaaaaaaaaa,
74092aa5-cee8-409a-8345-492377d60bbb,44444444-4444-4444-4444-444444444444,Giày leo núi chống nước TrailGuard 15,"Giày leo núi cổ mid, màng chống nước breathable, mũi bọc cao su chống đá văng. Gai đế sâu bám tốt trên địa hình đất ẩm, sỏi, trekking cuối tuần. Thông số cốt lõi: upper bền, đường may chắc, cổ giày ôm chân vừa vặn, hỗ trợ cả ngày dài.","Giày leo núi chống nước, bám tốt",SHOES-HIKE-015,Giày leo núi,"{'"currency'": '"VND'", '"retailPrice'": 875000, '"listingPrice'": 775000}","{'"quantity'": 35}","{'"sizes'": ['"39'", '"40'", '"41'", '"42'", '"43'"], '"colors'": ['"đen'", '"trắng'", '"xám'", '"xanh'"], '"materials'": ['"cao su'", '"EVA'", '"PU'"], '"specifications'": {'"drop'": '"10mm'", '"upper'": '"synthetic + textile'", '"midsole'": '"EVA'", '"outsole'": '"cao su chống mài mòn'"}}",PHYSICAL,PUBLISHED,APPROVED,"{giày,'"thoải mái'",'"bám tốt'"}",t,f,f,0.60,"{'"unit'": '"cm'", '"width'": 20, '"height'": 12, '"length'": 30}","{'"keywords'": ['"giày'", '"đế cao su'", '"êm'"], '"metaTitle'": '"Giày chất lượng 15'", '"metaDescription'": '"Sản phẩm bền bỉ cho nhu cầu sử dụng hằng ngày'"}",2025-10-13 15:41:12.282244,2025-10-13 15:41:12.282244,2025-10-13 15:41:12.282244,aaaaaaaa-aaaa-aaaa-aaaa-aaaaaaaaaaaa,
778e92db-9253-4645-a89e-5996c8e6b92b,44444444-4444-4444-4444-444444444444,Giày chạy bộ đệm khí ProRun 04,"Giày chạy bộ với đệm khí đa lớp và midsole EVA phản hồi lực tốt. Thân lưới kỹ thuật thoáng khí, khô nhanh khi chạy đường dài. Gót TPU ổn định, dây dẹt chống tuột. Phù hợp luyện tập hằng ngày và các giải 5K/10K. Thông số cốt lõi: upper bền, đường may chắc, cổ giày ôm chân vừa vặn, hỗ trợ cả ngày dài.",Giày chạy bộ êm và thoáng,SHOES-RUN-004,Giày chạy bộ,"{'"currency'": '"VND'", '"retailPrice'": 820000, '"listingPrice'": 720000}","{'"quantity'": 24}","{'"sizes'": ['"39'", '"40'", '"41'", '"42'", '"43'"], '"colors'": ['"đen'", '"trắng'", '"xám'", '"xanh'"], '"materials'": ['"cao su'", '"EVA'", '"PU'"], '"specifications'": {'"drop'": '"8mm'", '"upper'": '"mesh'", '"midsole'": '"EVA + đệm khí'", '"outsole'": '"cao su chống mài mòn'"}}",PHYSICAL,PUBLISHED,APPROVED,"{giày,'"thoải mái'",'"bám tốt'"}",t,f,f,0.80,"{'"unit'": '"cm'", '"width'": 19, '"height'": 11, '"length'": 31}","{'"keywords'": ['"giày'", '"đế cao su'", '"êm'"], '"metaTitle'": '"Giày chất lượng 04'", '"metaDescription'": '"Sản phẩm bền bỉ cho nhu cầu sử dụng hằng ngày'"}",2025-10-13 15:41:12.282244,2025-10-13 15:41:12.282244,2025-10-13 15:41:12.282244,aaaaaaaa-aaaa-aaaa-aaaa-aaaaaaaaaaaa,
79017597-ee5e-4d54-aa6f-c093402ea27e,44444444-4444-4444-4444-444444444444,Nón len beanie ấm áp 06,"Nón len beanie dệt gân co giãn, phủ tai giữ ấm, sợi acrylic pha cotton hạn chế ngứa. Kiểu dáng tối giản phù hợp áo khoác dạ, hoodie trong mùa lạnh. Chất liệu bền, đường may tỉ mỉ, thiết kế nhấn mạnh công năng và thẩm mỹ.","Nón len beanie ấm, co giãn",HAT-BEAN-006,Nón len,"{'"currency'": '"VND'", '"retailPrice'": 192000, '"listingPrice'": 152000}","{'"quantity'": 46}","{'"sizes'": ['"free size'", '"M'", '"L'"], '"colors'": ['"đen'", '"be'", '"xanh rêu'", '"xám'"], '"materials'": ['"cotton'", '"acrylic'", '"wool felt'"], '"specifications'": {'"care'": '"giặt tay nhẹ'", '"fabric'": '"cotton/dạ'", '"feature'": '"thoáng khí/giữ ấm'"}}",PHYSICAL,PUBLISHED,APPROVED,"{nón,'"che nắng'",'"giữ ấm'"}",t,t,f,0.16,"{'"unit'": '"cm'", '"width'": 22, '"height'": 12, '"length'": 22}","{'"keywords'": ['"nón'", '"mũ'", '"thời trang'"], '"metaTitle'": '"Mũ/Nón chất lượng 06'", '"metaDescription'": '"Bền, nhẹ, thoáng khí'"}",2025-10-13 15:41:12.282244,2025-10-13 15:41:12.282244,2025-10-13 15:41:12.282244,aaaaaaaa-aaaa-aaaa-aaaa-aaaaaaaaaaaa,
7a0664c6-3b86-4bfc-a324-042d31a4d699,44444444-4444-4444-4444-444444444444,Mũ fedora dạ Classic 07,"Mũ fedora chất liệu dạ mềm, vành trung bình giữ phom, dải ruy băng satin tinh tế. Viền mồ hôi thấm hút, đội thoải mái, phù hợp dạo phố và sự kiện. Chất liệu bền, đường may tỉ mỉ, thiết kế nhấn mạnh công năng và thẩm mỹ.","Mũ fedora dạ, lịch lãm",HAT-FEDO-007,Mũ fedora,"{'"currency'": '"VND'", '"retailPrice'": 194000, '"listingPrice'": 154000}","{'"quantity'": 47}","{'"sizes'": ['"free size'", '"M'", '"L'"], '"colors'": ['"đen'", '"be'", '"xanh rêu'", '"xám'"], '"materials'": ['"cotton'", '"acrylic'", '"wool felt'"], '"specifications'": {'"care'": '"giặt tay nhẹ'", '"fabric'": '"cotton/dạ'", '"feature'": '"thoáng khí/giữ ấm'"}}",PHYSICAL,PUBLISHED,APPROVED,"{nón,'"che nắng'",'"giữ ấm'"}",t,f,f,0.18,"{'"unit'": '"cm'", '"width'": 22, '"height'": 12, '"length'": 22}","{'"keywords'": ['"nón'", '"mũ'", '"thời trang'"], '"metaTitle'": '"Mũ/Nón chất lượng 07'", '"metaDescription'": '"Bền, nhẹ, thoáng khí'"}",2025-10-13 15:41:12.282244,2025-10-13 15:41:12.282244,2025-10-13 15:41:12.282244,aaaaaaaa-aaaa-aaaa-aaaa-aaaaaaaaaaaa,
7bc80e1a-69c0-4dd1-9937-d4d93fa8d7f2,44444444-4444-4444-4444-444444444444,Giày chạy bộ đệm khí ProRun 12,"Giày chạy bộ với đệm khí đa lớp và midsole EVA phản hồi lực tốt. Thân lưới kỹ thuật thoáng khí, khô nhanh khi chạy đường dài. Gót TPU ổn định, dây dẹt chống tuột. Phù hợp luyện tập hằng ngày và các giải 5K/10K. Thông số cốt lõi: upper bền, đường may chắc, cổ giày ôm chân vừa vặn, hỗ trợ cả ngày dài.",Giày chạy bộ êm và thoáng,SHOES-RUN-012,Giày chạy bộ,"{'"currency'": '"VND'", '"retailPrice'": 860000, '"listingPrice'": 760000}","{'"quantity'": 32}","{'"sizes'": ['"39'", '"40'", '"41'", '"42'", '"43'"], '"colors'": ['"đen'", '"trắng'", '"xám'", '"xanh'"], '"materials'": ['"cao su'", '"EVA'", '"PU'"], '"specifications'": {'"drop'": '"8mm'", '"upper'": '"mesh'", '"midsole'": '"EVA + đệm khí'", '"outsole'": '"cao su chống mài mòn'"}}",PHYSICAL,PUBLISHED,APPROVED,"{giày,'"thoải mái'",'"bám tốt'"}",t,f,f,0.70,"{'"unit'": '"cm'", '"width'": 19, '"height'": 11, '"length'": 30}","{'"keywords'": ['"giày'", '"đế cao su'", '"êm'"], '"metaTitle'": '"Giày chất lượng 12'", '"metaDescription'": '"Sản phẩm bền bỉ cho nhu cầu sử dụng hằng ngày'"}",2025-10-13 15:41:12.282244,2025-10-13 15:41:12.282244,2025-10-13 15:41:12.282244,aaaaaaaa-aaaa-aaaa-aaaa-aaaaaaaaaaaa,
8081d60c-db68-47bd-a4c2-02ec5fdd40a0,44444444-4444-4444-4444-444444444444,Nón lưỡi trai Classic Fit 20,"Nón lưỡi trai vành cong che nắng tốt, vải twill dày dặn ít nhăn, thấm hút mồ hôi. Khóa gài kim loại sau nón dễ tùy chỉnh, logo thêu nổi tinh tế, phù hợp chạy bộ nhẹ và mang hằng ngày. Chất liệu bền, đường may tỉ mỉ, thiết kế nhấn mạnh công năng và thẩm mỹ.","Nón lưỡi trai vành cong, logo thêu",HAT-CAP-020,Nón lưỡi trai,"{'"currency'": '"VND'", '"retailPrice'": 220000, '"listingPrice'": 180000}","{'"quantity'": 60}","{'"sizes'": ['"free size'", '"M'", '"L'"], '"colors'": ['"đen'", '"be'", '"xanh rêu'", '"xám'"], '"materials'": ['"cotton'", '"acrylic'", '"wool felt'"], '"specifications'": {'"care'": '"giặt tay nhẹ'", '"fabric'": '"cotton/dạ'", '"feature'": '"thoáng khí/giữ ấm'"}}",PHYSICAL,PUBLISHED,APPROVED,"{nón,'"che nắng'",'"giữ ấm'"}",t,f,f,0.12,"{'"unit'": '"cm'", '"width'": 22, '"height'": 12, '"length'": 22}","{'"keywords'": ['"nón'", '"mũ'", '"thời trang'"], '"metaTitle'": '"Mũ/Nón chất lượng 20'", '"metaDescription'": '"Bền, nhẹ, thoáng khí'"}",2025-10-13 15:41:12.282244,2025-10-13 15:41:12.282244,2025-10-13 15:41:12.282244,aaaaaaaa-aaaa-aaaa-aaaa-aaaaaaaaaaaa,
824a630a-f2ba-4736-ac09-d159235a4c26,44444444-4444-4444-4444-444444444444,Giày tây da Oxford Formal 06,"Giày tây Oxford dáng cap-toe, da PU hạt mịn, form đứng lịch lãm. Lót microfiber thoáng khí, đế cao su tổng hợp chống trượt, phù hợp môi trường công sở và sự kiện. Thông số cốt lõi: upper bền, đường may chắc, cổ giày ôm chân vừa vặn, hỗ trợ cả ngày dài.",Giày tây lịch lãm,SHOES-OXF-006,Giày tây,"{'"currency'": '"VND'", '"retailPrice'": 830000, '"listingPrice'": 730000}","{'"quantity'": 26}","{'"sizes'": ['"39'", '"40'", '"41'", '"42'", '"43'"], '"colors'": ['"đen'", '"trắng'", '"xám'", '"xanh'"], '"materials'": ['"cao su'", '"EVA'", '"PU'"], '"specifications'": {'"drop'": '"10mm'", '"upper'": '"da PU hạt mịn'", '"midsole'": '"foam'", '"outsole'": '"cao su chống mài mòn'"}}",PHYSICAL,PUBLISHED,APPROVED,"{giày,'"thoải mái'",'"bám tốt'"}",t,f,f,0.65,"{'"unit'": '"cm'", '"width'": 19, '"height'": 11, '"length'": 30}","{'"keywords'": ['"giày'", '"đế cao su'", '"êm'"], '"metaTitle'": '"Giày chất lượng 06'", '"metaDescription'": '"Sản phẩm bền bỉ cho nhu cầu sử dụng hằng ngày'"}",2025-10-13 15:41:12.282244,2025-10-13 15:41:12.282244,2025-10-13 15:41:12.282244,aaaaaaaa-aaaa-aaaa-aaaa-aaaaaaaaaaaa,
8678db34-292d-416d-bb60-6a49bd011fde,44444444-4444-4444-4444-444444444444,Nón len beanie ấm áp 10,"Nón len beanie dệt gân co giãn, phủ tai giữ ấm, sợi acrylic pha cotton hạn chế ngứa. Kiểu dáng tối giản phù hợp áo khoác dạ, hoodie trong mùa lạnh. Chất liệu bền, đường may tỉ mỉ, thiết kế nhấn mạnh công năng và thẩm mỹ.","Nón len beanie ấm, co giãn",HAT-BEAN-010,Nón len,"{'"currency'": '"VND'", '"retailPrice'": 200000, '"listingPrice'": 160000}","{'"quantity'": 50}","{'"sizes'": ['"free size'", '"M'", '"L'"], '"colors'": ['"đen'", '"be'", '"xanh rêu'", '"xám'"], '"materials'": ['"cotton'", '"acrylic'", '"wool felt'"], '"specifications'": {'"care'": '"giặt tay nhẹ'", '"fabric'": '"cotton/dạ'", '"feature'": '"thoáng khí/giữ ấm'"}}",PHYSICAL,PUBLISHED,APPROVED,"{nón,'"che nắng'",'"giữ ấm'"}",t,f,f,0.16,"{'"unit'": '"cm'", '"width'": 22, '"height'": 12, '"length'": 22}","{'"keywords'": ['"nón'", '"mũ'", '"thời trang'"], '"metaTitle'": '"Mũ/Nón chất lượng 10'", '"metaDescription'": '"Bền, nhẹ, thoáng khí'"}",2025-10-13 15:41:12.282244,2025-10-13 15:41:12.282244,2025-10-13 15:41:12.282244,aaaaaaaa-aaaa-aaaa-aaaa-aaaaaaaaaaaa,
88c509c3-3508-4932-b6c9-cddbf722951f,44444444-4444-4444-4444-444444444444,Sneaker Street Classic 01,"Sneaker phong cách tối giản, upper da PU dễ vệ sinh, lót memory foam êm ái, đế cao su lưu hóa bám đường. Dễ phối với quần jean, chinos, hay short để đi làm, đi chơi. Thông số cốt lõi: upper bền, đường may chắc, cổ giày ôm chân vừa vặn, hỗ trợ cả ngày dài.","Sneaker tối giản, dễ phối đồ",SHOES-LIFE-001,Giày sneaker,"{'"currency'": '"VND'", '"retailPrice'": 805000, '"listingPrice'": 705000}","{'"quantity'": 21}","{'"sizes'": ['"39'", '"40'", '"41'", '"42'", '"43'"], '"colors'": ['"đen'", '"trắng'", '"xám'", '"xanh'"], '"materials'": ['"cao su'", '"EVA'", '"PU'"], '"specifications'": {'"drop'": '"10mm'", '"upper'": '"da PU'", '"midsole'": '"memory foam'", '"outsole'": '"cao su chống mài mòn'"}}",PHYSICAL,PUBLISHED,APPROVED,"{giày,'"thoải mái'",'"bám tốt'"}",t,f,f,0.65,"{'"unit'": '"cm'", '"width'": 20, '"height'": 12, '"length'": 31}","{'"keywords'": ['"giày'", '"đế cao su'", '"êm'"], '"metaTitle'": '"Giày chất lượng 01'", '"metaDescription'": '"Sản phẩm bền bỉ cho nhu cầu sử dụng hằng ngày'"}",2025-10-13 15:41:12.282244,2025-10-13 15:41:12.282244,2025-10-13 15:41:12.282244,aaaaaaaa-aaaa-aaaa-aaaa-aaaaaaaaaaaa,
8c5e739d-b584-45bf-abaf-1ff4c3e31b16,44444444-4444-4444-4444-444444444444,Mũ fedora dạ Classic 19,"Mũ fedora chất liệu dạ mềm, vành trung bình giữ phom, dải ruy băng satin tinh tế. Viền mồ hôi thấm hút, đội thoải mái, phù hợp dạo phố và sự kiện. Chất liệu bền, đường may tỉ mỉ, thiết kế nhấn mạnh công năng và thẩm mỹ.","Mũ fedora dạ, lịch lãm",HAT-FEDO-019,Mũ fedora,"{'"currency'": '"VND'", '"retailPrice'": 218000, '"listingPrice'": 178000}","{'"quantity'": 59}","{'"sizes'": ['"free size'", '"M'", '"L'"], '"colors'": ['"đen'", '"be'", '"xanh rêu'", '"xám'"], '"materials'": ['"cotton'", '"acrylic'", '"wool felt'"], '"specifications'": {'"care'": '"giặt tay nhẹ'", '"fabric'": '"cotton/dạ'", '"feature'": '"thoáng khí/giữ ấm'"}}",PHYSICAL,PUBLISHED,APPROVED,"{nón,'"che nắng'",'"giữ ấm'"}",t,f,f,0.18,"{'"unit'": '"cm'", '"width'": 22, '"height'": 12, '"length'": 22}","{'"keywords'": ['"nón'", '"mũ'", '"thời trang'"], '"metaTitle'": '"Mũ/Nón chất lượng 19'", '"metaDescription'": '"Bền, nhẹ, thoáng khí'"}",2025-10-13 15:41:12.282244,2025-10-13 15:41:12.282244,2025-10-13 15:41:12.282244,aaaaaaaa-aaaa-aaaa-aaaa-aaaaaaaaaaaa,
8fa7353b-c134-4efd-8489-371cacf8ed53,44444444-4444-4444-4444-444444444444,Giày leo núi chống nước TrailGuard 03,"Giày leo núi cổ mid, màng chống nước breathable, mũi bọc cao su chống đá văng. Gai đế sâu bám tốt trên địa hình đất ẩm, sỏi, trekking cuối tuần. Thông số cốt lõi: upper bền, đường may chắc, cổ giày ôm chân vừa vặn, hỗ trợ cả ngày dài.","Giày leo núi chống nước, bám tốt",SHOES-HIKE-003,Giày leo núi,"{'"currency'": '"VND'", '"retailPrice'": 815000, '"listingPrice'": 715000}","{'"quantity'": 23}","{'"sizes'": ['"39'", '"40'", '"41'", '"42'", '"43'"], '"colors'": ['"đen'", '"trắng'", '"xám'", '"xanh'"], '"materials'": ['"cao su'", '"EVA'", '"PU'"], '"specifications'": {'"drop'": '"10mm'", '"upper'": '"synthetic + textile'", '"midsole'": '"EVA'", '"outsole'": '"cao su chống mài mòn'"}}",PHYSICAL,PUBLISHED,APPROVED,"{giày,'"thoải mái'",'"bám tốt'"}",t,f,f,0.75,"{'"unit'": '"cm'", '"width'": 20, '"height'": 12, '"length'": 30}","{'"keywords'": ['"giày'", '"đế cao su'", '"êm'"], '"metaTitle'": '"Giày chất lượng 03'", '"metaDescription'": '"Sản phẩm bền bỉ cho nhu cầu sử dụng hằng ngày'"}",2025-10-13 15:41:12.282244,2025-10-13 15:41:12.282244,2025-10-13 15:41:12.282244,aaaaaaaa-aaaa-aaaa-aaaa-aaaaaaaaaaaa,
8fb58ccf-d41b-4fb3-84bd-f3618c346e16,44444444-4444-4444-4444-444444444444,Nón len beanie ấm áp 18,"Nón len beanie dệt gân co giãn, phủ tai giữ ấm, sợi acrylic pha cotton hạn chế ngứa. Kiểu dáng tối giản phù hợp áo khoác dạ, hoodie trong mùa lạnh. Chất liệu bền, đường may tỉ mỉ, thiết kế nhấn mạnh công năng và thẩm mỹ.","Nón len beanie ấm, co giãn",HAT-BEAN-018,Nón len,"{'"currency'": '"VND'", '"retailPrice'": 216000, '"listingPrice'": 176000}","{'"quantity'": 58}","{'"sizes'": ['"free size'", '"M'", '"L'"], '"colors'": ['"đen'", '"be'", '"xanh rêu'", '"xám'"], '"materials'": ['"cotton'", '"acrylic'", '"wool felt'"], '"specifications'": {'"care'": '"giặt tay nhẹ'", '"fabric'": '"cotton/dạ'", '"feature'": '"thoáng khí/giữ ấm'"}}",PHYSICAL,PUBLISHED,APPROVED,"{nón,'"che nắng'",'"giữ ấm'"}",t,t,f,0.16,"{'"unit'": '"cm'", '"width'": 22, '"height'": 12, '"length'": 22}","{'"keywords'": ['"nón'", '"mũ'", '"thời trang'"], '"metaTitle'": '"Mũ/Nón chất lượng 18'", '"metaDescription'": '"Bền, nhẹ, thoáng khí'"}",2025-10-13 15:41:12.282244,2025-10-13 15:41:12.282244,2025-10-13 15:41:12.282244,aaaaaaaa-aaaa-aaaa-aaaa-aaaaaaaaaaaa,
ac816399-34ab-4bdf-a622-8814018762b7,44444444-4444-4444-4444-444444444444,Mũ fedora dạ Classic 11,"Mũ fedora chất liệu dạ mềm, vành trung bình giữ phom, dải ruy băng satin tinh tế. Viền mồ hôi thấm hút, đội thoải mái, phù hợp dạo phố và sự kiện. Chất liệu bền, đường may tỉ mỉ, thiết kế nhấn mạnh công năng và thẩm mỹ.","Mũ fedora dạ, lịch lãm",HAT-FEDO-011,Mũ fedora,"{'"currency'": '"VND'", '"retailPrice'": 202000, '"listingPrice'": 162000}","{'"quantity'": 51}","{'"sizes'": ['"free size'", '"M'", '"L'"], '"colors'": ['"đen'", '"be'", '"xanh rêu'", '"xám'"], '"materials'": ['"cotton'", '"acrylic'", '"wool felt'"], '"specifications'": {'"care'": '"giặt tay nhẹ'", '"fabric'": '"cotton/dạ'", '"feature'": '"thoáng khí/giữ ấm'"}}",PHYSICAL,PUBLISHED,APPROVED,"{nón,'"che nắng'",'"giữ ấm'"}",t,f,f,0.18,"{'"unit'": '"cm'", '"width'": 22, '"height'": 12, '"length'": 22}","{'"keywords'": ['"nón'", '"mũ'", '"thời trang'"], '"metaTitle'": '"Mũ/Nón chất lượng 11'", '"metaDescription'": '"Bền, nhẹ, thoáng khí'"}",2025-10-13 15:41:12.282244,2025-10-13 15:41:12.282244,2025-10-13 15:41:12.282244,aaaaaaaa-aaaa-aaaa-aaaa-aaaaaaaaaaaa,
bbdcff38-f5f2-4261-b32e-e176e72b9fb6,44444444-4444-4444-4444-444444444444,Giày tây da Oxford Formal 18,"Giày tây Oxford dáng cap-toe, da PU hạt mịn, form đứng lịch lãm. Lót microfiber thoáng khí, đế cao su tổng hợp chống trượt, phù hợp môi trường công sở và sự kiện. Thông số cốt lõi: upper bền, đường may chắc, cổ giày ôm chân vừa vặn, hỗ trợ cả ngày dài.",Giày tây lịch lãm,SHOES-OXF-018,Giày tây,"{'"currency'": '"VND'", '"retailPrice'": 890000, '"listingPrice'": 790000}","{'"quantity'": 38}","{'"sizes'": ['"39'", '"40'", '"41'", '"42'", '"43'"], '"colors'": ['"đen'", '"trắng'", '"xám'", '"xanh'"], '"materials'": ['"cao su'", '"EVA'", '"PU'"], '"specifications'": {'"drop'": '"10mm'", '"upper'": '"da PU hạt mịn'", '"midsole'": '"foam'", '"outsole'": '"cao su chống mài mòn'"}}",PHYSICAL,PUBLISHED,APPROVED,"{giày,'"thoải mái'",'"bám tốt'"}",t,f,f,0.75,"{'"unit'": '"cm'", '"width'": 19, '"height'": 11, '"length'": 30}","{'"keywords'": ['"giày'", '"đế cao su'", '"êm'"], '"metaTitle'": '"Giày chất lượng 18'", '"metaDescription'": '"Sản phẩm bền bỉ cho nhu cầu sử dụng hằng ngày'"}",2025-10-13 15:41:12.282244,2025-10-13 15:41:12.282244,2025-10-13 15:41:12.282244,aaaaaaaa-aaaa-aaaa-aaaa-aaaaaaaaaaaa,
bd0a00b6-f58a-4f23-85fc-d161c07fb789,44444444-4444-4444-4444-444444444444,Sneaker Street Classic 13,"Sneaker phong cách tối giản, upper da PU dễ vệ sinh, lót memory foam êm ái, đế cao su lưu hóa bám đường. Dễ phối với quần jean, chinos, hay short để đi làm, đi chơi. Thông số cốt lõi: upper bền, đường may chắc, cổ giày ôm chân vừa vặn, hỗ trợ cả ngày dài.","Sneaker tối giản, dễ phối đồ",SHOES-LIFE-013,Giày sneaker,"{'"currency'": '"VND'", '"retailPrice'": 865000, '"listingPrice'": 765000}","{'"quantity'": 33}","{'"sizes'": ['"39'", '"40'", '"41'", '"42'", '"43'"], '"colors'": ['"đen'", '"trắng'", '"xám'", '"xanh'"], '"materials'": ['"cao su'", '"EVA'", '"PU'"], '"specifications'": {'"drop'": '"10mm'", '"upper'": '"da PU'", '"midsole'": '"memory foam'", '"outsole'": '"cao su chống mài mòn'"}}",PHYSICAL,PUBLISHED,APPROVED,"{giày,'"thoải mái'",'"bám tốt'"}",t,f,f,0.75,"{'"unit'": '"cm'", '"width'": 20, '"height'": 12, '"length'": 31}","{'"keywords'": ['"giày'", '"đế cao su'", '"êm'"], '"metaTitle'": '"Giày chất lượng 13'", '"metaDescription'": '"Sản phẩm bền bỉ cho nhu cầu sử dụng hằng ngày'"}",2025-10-13 15:41:12.282244,2025-10-13 15:41:12.282244,2025-10-13 15:41:12.282244,aaaaaaaa-aaaa-aaaa-aaaa-aaaaaaaaaaaa,
dd770f0e-864c-4127-89f7-41f956d001ec,44444444-4444-4444-4444-444444444444,Giày tây da Oxford Formal 14,"Giày tây Oxford dáng cap-toe, da PU hạt mịn, form đứng lịch lãm. Lót microfiber thoáng khí, đế cao su tổng hợp chống trượt, phù hợp môi trường công sở và sự kiện. Thông số cốt lõi: upper bền, đường may chắc, cổ giày ôm chân vừa vặn, hỗ trợ cả ngày dài.",Giày tây lịch lãm,SHOES-OXF-014,Giày tây,"{'"currency'": '"VND'", '"retailPrice'": 870000, '"listingPrice'": 770000}","{'"quantity'": 34}","{'"sizes'": ['"39'", '"40'", '"41'", '"42'", '"43'"], '"colors'": ['"đen'", '"trắng'", '"xám'", '"xanh'"], '"materials'": ['"cao su'", '"EVA'", '"PU'"], '"specifications'": {'"drop'": '"10mm'", '"upper'": '"da PU hạt mịn'", '"midsole'": '"foam'", '"outsole'": '"cao su chống mài mòn'"}}",PHYSICAL,PUBLISHED,APPROVED,"{giày,'"thoải mái'",'"bám tốt'"}",t,t,f,0.80,"{'"unit'": '"cm'", '"width'": 19, '"height'": 11, '"length'": 32}","{'"keywords'": ['"giày'", '"đế cao su'", '"êm'"], '"metaTitle'": '"Giày chất lượng 14'", '"metaDescription'": '"Sản phẩm bền bỉ cho nhu cầu sử dụng hằng ngày'"}",2025-10-13 15:41:12.282244,2025-10-13 15:41:12.282244,2025-10-13 15:41:12.282244,aaaaaaaa-aaaa-aaaa-aaaa-aaaaaaaaaaaa,
df5947f9-1b5e-4eeb-8d8b-0a37cde8b168,44444444-4444-4444-4444-444444444444,Giày chạy bộ đệm khí ProRun 16,"Giày chạy bộ với đệm khí đa lớp và midsole EVA phản hồi lực tốt. Thân lưới kỹ thuật thoáng khí, khô nhanh khi chạy đường dài. Gót TPU ổn định, dây dẹt chống tuột. Phù hợp luyện tập hằng ngày và các giải 5K/10K. Thông số cốt lõi: upper bền, đường may chắc, cổ giày ôm chân vừa vặn, hỗ trợ cả ngày dài.",Giày chạy bộ êm và thoáng,SHOES-RUN-016,Giày chạy bộ,"{'"currency'": '"VND'", '"retailPrice'": 880000, '"listingPrice'": 780000}","{'"quantity'": 36}","{'"sizes'": ['"39'", '"40'", '"41'", '"42'", '"43'"], '"colors'": ['"đen'", '"trắng'", '"xám'", '"xanh'"], '"materials'": ['"cao su'", '"EVA'", '"PU'"], '"specifications'": {'"drop'": '"8mm'", '"upper'": '"mesh'", '"midsole'": '"EVA + đệm khí'", '"outsole'": '"cao su chống mài mòn'"}}",PHYSICAL,PUBLISHED,APPROVED,"{giày,'"thoải mái'",'"bám tốt'"}",t,f,f,0.65,"{'"unit'": '"cm'", '"width'": 19, '"height'": 11, '"length'": 31}","{'"keywords'": ['"giày'", '"đế cao su'", '"êm'"], '"metaTitle'": '"Giày chất lượng 16'", '"metaDescription'": '"Sản phẩm bền bỉ cho nhu cầu sử dụng hằng ngày'"}",2025-10-13 15:41:12.282244,2025-10-13 15:41:12.282244,2025-10-13 15:41:12.282244,aaaaaaaa-aaaa-aaaa-aaaa-aaaaaaaaaaaa,
e584f4b1-b906-4747-9143-e6daf6a3d0f6,44444444-4444-4444-4444-444444444444,Mũ fedora dạ Classic 15,"Mũ fedora chất liệu dạ mềm, vành trung bình giữ phom, dải ruy băng satin tinh tế. Viền mồ hôi thấm hút, đội thoải mái, phù hợp dạo phố và sự kiện. Chất liệu bền, đường may tỉ mỉ, thiết kế nhấn mạnh công năng và thẩm mỹ.","Mũ fedora dạ, lịch lãm",HAT-FEDO-015,Mũ fedora,"{'"currency'": '"VND'", '"retailPrice'": 210000, '"listingPrice'": 170000}","{'"quantity'": 55}","{'"sizes'": ['"free size'", '"M'", '"L'"], '"colors'": ['"đen'", '"be'", '"xanh rêu'", '"xám'"], '"materials'": ['"cotton'", '"acrylic'", '"wool felt'"], '"specifications'": {'"care'": '"giặt tay nhẹ'", '"fabric'": '"cotton/dạ'", '"feature'": '"thoáng khí/giữ ấm'"}}",PHYSICAL,PUBLISHED,APPROVED,"{nón,'"che nắng'",'"giữ ấm'"}",t,f,f,0.18,"{'"unit'": '"cm'", '"width'": 22, '"height'": 12, '"length'": 22}","{'"keywords'": ['"nón'", '"mũ'", '"thời trang'"], '"metaTitle'": '"Mũ/Nón chất lượng 15'", '"metaDescription'": '"Bền, nhẹ, thoáng khí'"}",2025-10-13 15:41:12.282244,2025-10-13 15:41:12.282244,2025-10-13 15:41:12.282244,aaaaaaaa-aaaa-aaaa-aaaa-aaaaaaaaaaaa,
e782830b-b148-45dd-af44-3ce1fafcc800,44444444-4444-4444-4444-444444444444,Nón lưỡi trai Classic Fit 16,"Nón lưỡi trai vành cong che nắng tốt, vải twill dày dặn ít nhăn, thấm hút mồ hôi. Khóa gài kim loại sau nón dễ tùy chỉnh, logo thêu nổi tinh tế, phù hợp chạy bộ nhẹ và mang hằng ngày. Chất liệu bền, đường may tỉ mỉ, thiết kế nhấn mạnh công năng và thẩm mỹ.","Nón lưỡi trai vành cong, logo thêu",HAT-CAP-016,Nón lưỡi trai,"{'"currency'": '"VND'", '"retailPrice'": 212000, '"listingPrice'": 172000}","{'"quantity'": 56}","{'"sizes'": ['"free size'", '"M'", '"L'"], '"colors'": ['"đen'", '"be'", '"xanh rêu'", '"xám'"], '"materials'": ['"cotton'", '"acrylic'", '"wool felt'"], '"specifications'": {'"care'": '"giặt tay nhẹ'", '"fabric'": '"cotton/dạ'", '"feature'": '"thoáng khí/giữ ấm'"}}",PHYSICAL,PUBLISHED,APPROVED,"{nón,'"che nắng'",'"giữ ấm'"}",t,f,f,0.12,"{'"unit'": '"cm'", '"width'": 22, '"height'": 12, '"length'": 22}","{'"keywords'": ['"nón'", '"mũ'", '"thời trang'"], '"metaTitle'": '"Mũ/Nón chất lượng 16'", '"metaDescription'": '"Bền, nhẹ, thoáng khí'"}",2025-10-13 15:41:12.282244,2025-10-13 15:41:12.282244,2025-10-13 15:41:12.282244,aaaaaaaa-aaaa-aaaa-aaaa-aaaaaaaaaaaa,
f0ca5fc8-7f3d-42c4-b010-090feef0f86e,44444444-4444-4444-4444-444444444444,Sneaker Street Classic 09,"Sneaker phong cách tối giản, upper da PU dễ vệ sinh, lót memory foam êm ái, đế cao su lưu hóa bám đường. Dễ phối với quần jean, chinos, hay short để đi làm, đi chơi. Thông số cốt lõi: upper bền, đường may chắc, cổ giày ôm chân vừa vặn, hỗ trợ cả ngày dài.","Sneaker tối giản, dễ phối đồ",SHOES-LIFE-009,Giày sneaker,"{'"currency'": '"VND'", '"retailPrice'": 845000, '"listingPrice'": 745000}","{'"quantity'": 29}","{'"sizes'": ['"39'", '"40'", '"41'", '"42'", '"43'"], '"colors'": ['"đen'", '"trắng'", '"xám'", '"xanh'"], '"materials'": ['"cao su'", '"EVA'", '"PU'"], '"specifications'": {'"drop'": '"10mm'", '"upper'": '"da PU'", '"midsole'": '"memory foam'", '"outsole'": '"cao su chống mài mòn'"}}",PHYSICAL,PUBLISHED,APPROVED,"{giày,'"thoải mái'",'"bám tốt'"}",t,f,f,0.80,"{'"unit'": '"cm'", '"width'": 20, '"height'": 12, '"length'": 30}","{'"keywords'": ['"giày'", '"đế cao su'", '"êm'"], '"metaTitle'": '"Giày chất lượng 09'", '"metaDescription'": '"Sản phẩm bền bỉ cho nhu cầu sử dụng hằng ngày'"}",2025-10-13 15:41:12.282244,2025-10-13 15:41:12.282244,2025-10-13 15:41:12.282244,aaaaaaaa-aaaa-aaaa-aaaa-aaaaaaaaaaaa,
f82bd48e-9548-4c26-97a7-2158528e8fbd,44444444-4444-4444-4444-444444444444,Giày chạy bộ đệm khí ProRun 20,"Giày chạy bộ với đệm khí đa lớp và midsole EVA phản hồi lực tốt. Thân lưới kỹ thuật thoáng khí, khô nhanh khi chạy đường dài. Gót TPU ổn định, dây dẹt chống tuột. Phù hợp luyện tập hằng ngày và các giải 5K/10K. Thông số cốt lõi: upper bền, đường may chắc, cổ giày ôm chân vừa vặn, hỗ trợ cả ngày dài.",Giày chạy bộ êm và thoáng,SHOES-RUN-020,Giày chạy bộ,"{'"currency'": '"VND'", '"retailPrice'": 900000, '"listingPrice'": 800000}","{'"quantity'": 40}","{'"sizes'": ['"39'", '"40'", '"41'", '"42'", '"43'"], '"colors'": ['"đen'", '"trắng'", '"xám'", '"xanh'"], '"materials'": ['"cao su'", '"EVA'", '"PU'"], '"specifications'": {'"drop'": '"8mm'", '"upper'": '"mesh'", '"midsole'": '"EVA + đệm khí'", '"outsole'": '"cao su chống mài mòn'"}}",PHYSICAL,PUBLISHED,APPROVED,"{giày,'"thoải mái'",'"bám tốt'"}",t,f,f,0.60,"{'"unit'": '"cm'", '"width'": 19, '"height'": 11, '"length'": 32}","{'"keywords'": ['"giày'", '"đế cao su'", '"êm'"], '"metaTitle'": '"Giày chất lượng 20'", '"metaDescription'": '"Sản phẩm bền bỉ cho nhu cầu sử dụng hằng ngày'"}",2025-10-13 15:41:12.282244,2025-10-13 15:41:12.282244,2025-10-13 15:41:12.282244,aaaaaaaa-aaaa-aaaa-aaaa-aaaaaaaaaaaa,
